gene_set	gene_symbol	ensembl_gene_id	status
IBD_UC_epithelial_up_Smillie2019	SLC6A14	ENSG00000268104	OK
IBD_UC_epithelial_up_Smillie2019	MMP7	ENSG00000137673	OK
IBD_UC_epithelial_up_Smillie2019	TNIP3	ENSG00000050730	OK
IBD_UC_epithelial_up_Smillie2019	GLDN	ENSG00000186417	OK
IBD_UC_epithelial_up_Smillie2019	CLDN2	ENSG00000165376	OK
IBD_UC_epithelial_up_Smillie2019	NPSR1	ENSG00000187258	OK
IBD_UC_epithelial_up_Smillie2019	HOXD13	ENSG00000128714	OK
IBD_UC_epithelial_up_Smillie2019	C2CD4A	ENSG00000198535	OK
IBD_UC_epithelial_up_Smillie2019	IGFALS	ENSG00000099769	OK
IBD_UC_epithelial_up_Smillie2019	GLRA2	ENSG00000101958	OK
IBD_UC_epithelial_up_Smillie2019	MUC5AC	ENSG00000215182;ENSG00000291363	MULTI
IBD_UC_epithelial_up_Smillie2019	TGM2	ENSG00000198959	OK
IBD_UC_epithelial_up_Smillie2019	GABRP	ENSG00000094755	OK
IBD_UC_epithelial_up_Smillie2019	DUOXA2	ENSG00000140274	OK
IBD_UC_epithelial_up_Smillie2019	FADS2	ENSG00000134824	OK
IBD_UC_epithelial_up_Smillie2019	IRX2	ENSG00000170561	OK
IBD_UC_epithelial_up_Smillie2019	RP11-11N5.3		UNMAPPED
IBD_UC_epithelial_up_Smillie2019	VNN1	ENSG00000112299	OK
IBD_UC_epithelial_up_Smillie2019	ENKUR	ENSG00000151023	OK
IBD_UC_epithelial_up_Smillie2019	ABCA12	ENSG00000144452	OK
IBD_UC_epithelial_up_Smillie2019	TCN1	ENSG00000134827	OK
IBD_UC_epithelial_up_Smillie2019	EGF	ENSG00000138798	OK
IBD_UC_epithelial_up_Smillie2019	C6orf223		UNMAPPED
IBD_UC_epithelial_up_Smillie2019	SERPINB5	ENSG00000206075	OK
IBD_UC_epithelial_up_Smillie2019	SOGA2		UNMAPPED
IBD_UC_epithelial_up_Smillie2019	KIAA0319	ENSG00000137261	OK
IBD_UC_epithelial_up_Smillie2019	GJB5	ENSG00000189280	OK
IBD_UC_epithelial_up_Smillie2019	IDO1	ENSG00000131203	OK
IBD_UC_epithelial_up_Smillie2019	DEFB4A	ENSG00000171711;ENSG00000285181	MULTI
IBD_UC_epithelial_up_Smillie2019	XKR9	ENSG00000221947	OK
IBD_UC_epithelial_up_Smillie2019	KRT6B	ENSG00000185479	OK
IBD_UC_epithelial_up_Smillie2019	SAA4	ENSG00000148965	OK
IBD_UC_epithelial_up_Smillie2019	UBD	ENSG00000206468;ENSG00000206513;ENSG00000213886;ENSG00000224654;ENSG00000226898;ENSG00000228913;ENSG00000231968	MULTI
IBD_UC_epithelial_up_Smillie2019	GJB4	ENSG00000189433	OK
IBD_UC_epithelial_up_Smillie2019	RP11-380P13.1		UNMAPPED
IBD_UC_epithelial_up_Smillie2019	TMEM158	ENSG00000249992	OK
IBD_UC_epithelial_up_Smillie2019	ALDH1A2	ENSG00000128918	OK
IBD_UC_epithelial_up_Smillie2019	KYNU	ENSG00000115919	OK
IBD_UC_epithelial_up_Smillie2019	S100A9	ENSG00000163220	OK
IBD_UC_epithelial_up_Smillie2019	RP11-211G23.2		UNMAPPED
IBD_UC_epithelial_up_Smillie2019	ANKRD34A	ENSG00000272031	OK
IBD_UC_epithelial_up_Smillie2019	PDX1	ENSG00000139515	OK
IBD_UC_epithelial_up_Smillie2019	SPATA21	ENSG00000187144;ENSG00000291401	MULTI
IBD_UC_epithelial_up_Smillie2019	RBM24	ENSG00000112183	OK
IBD_UC_epithelial_up_Smillie2019	AL133373.1		UNMAPPED
IBD_UC_epithelial_up_Smillie2019	DAPP1	ENSG00000070190	OK
IBD_UC_epithelial_up_Smillie2019	SAA1	ENSG00000173432;ENSG00000288411	MULTI
IBD_UC_epithelial_up_Smillie2019	PITX1	ENSG00000069011	OK
IBD_UC_epithelial_up_Smillie2019	TMPRSS6	ENSG00000187045	OK
IBD_UC_epithelial_up_Smillie2019	SAA2	ENSG00000134339	OK
IBD_UC_epithelial_up_Smillie2019	RP11-161M6.2		UNMAPPED
IBD_UC_epithelial_up_Smillie2019	PARP8	ENSG00000151883	OK
IBD_UC_epithelial_up_Smillie2019	AC021218.2		UNMAPPED
IBD_UC_epithelial_up_Smillie2019	ST6GAL2	ENSG00000144057	OK
IBD_UC_epithelial_up_Smillie2019	RBPMS	ENSG00000157110	OK
IBD_UC_epithelial_up_Smillie2019	S100P	ENSG00000163993	OK
IBD_UC_epithelial_up_Smillie2019	PRKCG	ENSG00000126583	OK
IBD_UC_epithelial_up_Smillie2019	SERPINB7	ENSG00000166396	OK
IBD_UC_epithelial_up_Smillie2019	DUOXA1	ENSG00000140254	OK
IBD_UC_epithelial_up_Smillie2019	CXCL11	ENSG00000169248	OK
IBD_UC_epithelial_up_Smillie2019	FRAS1	ENSG00000138759	OK
IBD_UC_epithelial_up_Smillie2019	AC016735.2		UNMAPPED
IBD_UC_epithelial_up_Smillie2019	DUOX2	ENSG00000140279	OK
IBD_UC_epithelial_up_Smillie2019	FAM83A	ENSG00000147689	OK
IBD_UC_epithelial_up_Smillie2019	C21orf88		UNMAPPED
IBD_UC_epithelial_up_Smillie2019	TESC	ENSG00000088992	OK
IBD_UC_epithelial_up_Smillie2019	CAP2	ENSG00000112186	OK
IBD_UC_epithelial_up_Smillie2019	STRIP2	ENSG00000128578	OK
IBD_UC_epithelial_up_Smillie2019	MIA	ENSG00000261857	OK
IBD_UC_epithelial_up_Smillie2019	RP5-968D22.3		UNMAPPED
IBD_UC_epithelial_up_Smillie2019	BMP7	ENSG00000101144	OK
IBD_UC_epithelial_up_Smillie2019	RP11-350J20.12		UNMAPPED
IBD_UC_epithelial_up_Smillie2019	PRSS22	ENSG00000005001;ENSG00000282937	MULTI
IBD_UC_epithelial_up_Smillie2019	S100A8	ENSG00000143546	OK
IBD_UC_epithelial_up_Smillie2019	NME5	ENSG00000112981	OK
IBD_UC_epithelial_up_Smillie2019	GRAMD2		UNMAPPED
IBD_UC_epithelial_up_Smillie2019	PCSK1	ENSG00000175426	OK
IBD_UC_epithelial_up_Smillie2019	RP11-410E4.1		UNMAPPED
IBD_UC_epithelial_up_Smillie2019	ITGAM	ENSG00000169896	OK
IBD_UC_epithelial_up_Smillie2019	REG3A	ENSG00000172016	OK
IBD_UC_epithelial_up_Smillie2019	RP11-88H9.2		UNMAPPED
IBD_UC_epithelial_up_Smillie2019	GAL	ENSG00000069482	OK
IBD_UC_epithelial_up_Smillie2019	FAIM2	ENSG00000135472	OK
IBD_UC_epithelial_up_Smillie2019	FLNC	ENSG00000128591	OK
IBD_UC_epithelial_up_Smillie2019	EMB	ENSG00000170571	OK
IBD_UC_epithelial_up_Smillie2019	NCS1	ENSG00000107130	OK
IBD_UC_epithelial_up_Smillie2019	RP11-382B18.4		UNMAPPED
IBD_UC_epithelial_up_Smillie2019	TIMP1	ENSG00000102265	OK
IBD_UC_epithelial_up_Smillie2019	PRAC1	ENSG00000159182	OK
IBD_UC_epithelial_up_Smillie2019	IRS1	ENSG00000169047	OK
IBD_UC_epithelial_up_Smillie2019	AK8	ENSG00000165695	OK
IBD_UC_epithelial_up_Smillie2019	IL23A	ENSG00000110944	OK
IBD_UC_epithelial_up_Smillie2019	LINC01001	ENSG00000230724	OK
IBD_UC_epithelial_up_Smillie2019	CATSPERB	ENSG00000133962;ENSG00000274338	MULTI
IBD_UC_epithelial_up_Smillie2019	CHST3	ENSG00000122863	OK
IBD_UC_epithelial_up_Smillie2019	RP11-305K5.1		UNMAPPED
IBD_UC_epithelial_up_Smillie2019	NRAP	ENSG00000197893	OK
IBD_UC_epithelial_up_Smillie2019	LL22NC03-75H12.2		UNMAPPED
IBD_UC_epithelial_up_Smillie2019	FN1	ENSG00000115414	OK
IBD_UC_epithelial_up_Smillie2019	SLC16A7	ENSG00000118596	OK
IBD_UC_epithelial_up_Smillie2019	HOXB13	ENSG00000159184	OK
IBD_UC_epithelial_up_Smillie2019	C2	ENSG00000166278;ENSG00000204364;ENSG00000206372;ENSG00000226560;ENSG00000231543;ENSG00000235017;ENSG00000235696	MULTI
IBD_UC_epithelial_up_Smillie2019	REG4	ENSG00000134193	OK
IBD_UC_epithelial_up_Smillie2019	SDR16C5	ENSG00000170786	OK
IBD_UC_epithelial_up_Smillie2019	CXCL1	ENSG00000163739	OK
IBD_UC_epithelial_up_Smillie2019	TFF1	ENSG00000160182	OK
IBD_UC_epithelial_up_Smillie2019	CFB	ENSG00000204359;ENSG00000239754;ENSG00000241253;ENSG00000241534;ENSG00000242335;ENSG00000243570;ENSG00000243649	MULTI
IBD_UC_epithelial_up_Smillie2019	CCL20	ENSG00000115009	OK
IBD_UC_epithelial_up_Smillie2019	PLA2G2A	ENSG00000188257	OK
IBD_UC_epithelial_up_Smillie2019	APOL1	ENSG00000100342	OK
IBD_UC_epithelial_up_Smillie2019	B3GNT7	ENSG00000156966	OK
IBD_UC_epithelial_up_Smillie2019	LYZ	ENSG00000090382	OK
IBD_UC_epithelial_up_Smillie2019	PPP1R12B	ENSG00000077157	OK
IBD_UC_epithelial_up_Smillie2019	PI3	ENSG00000124102	OK
IBD_UC_epithelial_up_Smillie2019	MUC12	ENSG00000205277	OK
IBD_UC_epithelial_up_Smillie2019	SPINK5	ENSG00000133710	OK
IBD_UC_epithelial_up_Smillie2019	MFSD4		UNMAPPED
IBD_UC_epithelial_up_Smillie2019	CTSE	ENSG00000196188	OK
IBD_UC_epithelial_up_Smillie2019	HLA-DMA	ENSG00000204257;ENSG00000239463;ENSG00000241394;ENSG00000242361;ENSG00000242685;ENSG00000243189;ENSG00000243215;ENSG00000243719	MULTI
IBD_UC_epithelial_up_Smillie2019	FFAR4	ENSG00000186188	OK
IBD_UC_epithelial_up_Smillie2019	ST3GAL4	ENSG00000110080	OK
IBD_UC_epithelial_up_Smillie2019	ST6GALNAC6	ENSG00000160408	OK
IBD_UC_epithelial_up_Smillie2019	OLFM4	ENSG00000102837	OK
IBD_UC_epithelial_up_Smillie2019	SLC40A1	ENSG00000138449	OK
IBD_UC_epithelial_up_Smillie2019	SOD3	ENSG00000109610	OK
IBD_UC_epithelial_up_Smillie2019	LCN2	ENSG00000148346	OK
IBD_UC_epithelial_up_Smillie2019	IL2RG	ENSG00000147168	OK
IBD_UC_epithelial_up_Smillie2019	B3GALT5	ENSG00000183778	OK
IBD_UC_epithelial_up_Smillie2019	S100A11	ENSG00000163191	OK
Fetal_intestinal_Mustata2013	SPP1	ENSG00000118785	OK
Fetal_intestinal_Mustata2013	GJA1	ENSG00000152661	OK
Fetal_intestinal_Mustata2013	CCN2	ENSG00000118523	OK
Fetal_intestinal_Mustata2013	BASP1	ENSG00000176788	OK
Fetal_intestinal_Mustata2013	TACSTD2	ENSG00000184292	OK
Fetal_intestinal_Mustata2013	CAR2		UNMAPPED
Fetal_intestinal_Mustata2013	SFTPD	ENSG00000133661	OK
Fetal_intestinal_Mustata2013	MAL	ENSG00000172005	OK
Fetal_intestinal_Mustata2013	CLU	ENSG00000120885	OK
Fetal_intestinal_Mustata2013	WFDC2	ENSG00000101443	OK
Fetal_intestinal_Mustata2013	MSLN	ENSG00000102854	OK
Fetal_intestinal_Mustata2013	VSIG1	ENSG00000101842	OK
Fetal_intestinal_Mustata2013	TUBB6	ENSG00000176014	OK
Fetal_intestinal_Mustata2013	CRIP2	ENSG00000182809	OK
Fetal_intestinal_Mustata2013	ANXA1	ENSG00000135046	OK
Fetal_intestinal_Mustata2013	COL4A1	ENSG00000187498	OK
Fetal_intestinal_Mustata2013	IL33	ENSG00000137033	OK
Fetal_intestinal_Mustata2013	SPRR1A	ENSG00000169474	OK
Fetal_intestinal_Mustata2013	LOR		UNMAPPED
Fetal_intestinal_Mustata2013	COL4A2	ENSG00000134871	OK
Fetal_intestinal_Mustata2013	KRT4	ENSG00000170477	OK
Fetal_intestinal_Mustata2013	IGFBP7	ENSG00000163453	OK
Fetal_intestinal_Mustata2013	AKAP13	ENSG00000170776	OK
Fetal_intestinal_Mustata2013	SPTSSB	ENSG00000196542	OK
Fetal_intestinal_Mustata2013	ECSCR	ENSG00000249751;ENSG00000288297	MULTI
Fetal_intestinal_Mustata2013	IVL	ENSG00000163207	OK
Fetal_intestinal_Mustata2013	GKN1	ENSG00000169605	OK
Fetal_intestinal_Mustata2013	AKR1B8		UNMAPPED
Fetal_intestinal_Mustata2013	CDH13	ENSG00000140945	OK
Fetal_intestinal_Mustata2013	SLC45A3	ENSG00000158715	OK
Fetal_intestinal_Mustata2013	EFNA5	ENSG00000184349	OK
Fetal_intestinal_Mustata2013	ANXA8	ENSG00000265190;ENSG00000276850;ENSG00000288244	MULTI
Fetal_intestinal_Mustata2013	ACSM3	ENSG00000005187	OK
Fetal_intestinal_Mustata2013	PPIC	ENSG00000168938	OK
Fetal_intestinal_Mustata2013	ANXA3	ENSG00000138772	OK
Fetal_intestinal_Mustata2013	EDA2R	ENSG00000131080	OK
Fetal_intestinal_Mustata2013	S100A6	ENSG00000197956	OK
Fetal_intestinal_Mustata2013	LDH2		UNMAPPED
Fetal_intestinal_Mustata2013	LY6C		UNMAPPED
Fetal_intestinal_Mustata2013	EFEMP1	ENSG00000115380	OK
Fetal_intestinal_Mustata2013	DDIT4L	ENSG00000145358	OK
Fetal_intestinal_Mustata2013	PDZK1IP1	ENSG00000162366	OK
Fetal_intestinal_Mustata2013	LY6D	ENSG00000167656	OK
Fetal_intestinal_Mustata2013	CUGBP2		UNMAPPED
Fetal_intestinal_Mustata2013	LAPTM5	ENSG00000162511	OK
Fetal_intestinal_Mustata2013	PLEKHS1	ENSG00000148735	OK
Fetal_intestinal_Mustata2013	DSCR6		UNMAPPED
Fetal_intestinal_Mustata2013	HS6ST2	ENSG00000171004	OK
Fetal_intestinal_Mustata2013	SLC4A11	ENSG00000088836	OK
Fetal_intestinal_Mustata2013	AI467606		UNMAPPED
Fetal_intestinal_Mustata2013	CRYAB	ENSG00000109846	OK
Fetal_intestinal_Mustata2013	SH3KBP1	ENSG00000147010	OK
Fetal_intestinal_Mustata2013	SAMD5	ENSG00000203727	OK
Fetal_intestinal_Mustata2013	PHLDA3	ENSG00000174307	OK
Fetal_intestinal_Mustata2013	KRT7	ENSG00000135480	OK
Fetal_intestinal_Mustata2013	IL1RN	ENSG00000136689	OK
Fetal_intestinal_Mustata2013	CCND1	ENSG00000110092	OK
Fetal_intestinal_Mustata2013	FUT2	ENSG00000176920	OK
Fetal_intestinal_Mustata2013	SERPINB9B		UNMAPPED
Fetal_intestinal_Mustata2013	PLAUR	ENSG00000011422	OK
Fetal_intestinal_Mustata2013	PRTF		UNMAPPED
Fetal_intestinal_Mustata2013	SYT8	ENSG00000149043;ENSG00000288149	MULTI
Fetal_intestinal_Mustata2013	TMEM40	ENSG00000088726	OK
Fetal_intestinal_Mustata2013	PTP4A3	ENSG00000184489;ENSG00000275575;ENSG00000291470	MULTI
Fetal_intestinal_Mustata2013	GPX2	ENSG00000176153	OK
Fetal_intestinal_Mustata2013	PSAPL1	ENSG00000178597	OK
Fetal_intestinal_Mustata2013	FER1L3		UNMAPPED
Fetal_intestinal_Mustata2013	ZFP365		UNMAPPED
Fetal_intestinal_Mustata2013	S100A11	ENSG00000163191	OK
Fetal_intestinal_Mustata2013	PSCA	ENSG00000167653	OK
Fetal_intestinal_Mustata2013	OAS1F		UNMAPPED
Fetal_intestinal_Mustata2013	SOX21	ENSG00000125285	OK
Fetal_intestinal_Mustata2013	FABP5	ENSG00000164687	OK
Fetal_intestinal_Mustata2013	COL18A1	ENSG00000182871;ENSG00000292234	MULTI
Fetal_intestinal_Mustata2013	CD14	ENSG00000170458	OK
Fetal_intestinal_Mustata2013	PMM1	ENSG00000100417	OK
Fetal_intestinal_Mustata2013	PLK2	ENSG00000145632	OK
Fetal_intestinal_Mustata2013	CLIC3	ENSG00000169583	OK
Fetal_intestinal_Mustata2013	NCMAP	ENSG00000184454	OK
Fetal_intestinal_Mustata2013	EREG	ENSG00000124882	OK
Fetal_intestinal_Mustata2013	ICAM1	ENSG00000090339	OK
Fetal_intestinal_Mustata2013	FXYD3	ENSG00000089356	OK
Fetal_intestinal_Mustata2013	CCNG1	ENSG00000113328	OK
Fetal_intestinal_Mustata2013	RBMS1	ENSG00000153250	OK
Fetal_intestinal_Mustata2013	BMP8B	ENSG00000116985	OK
Fetal_intestinal_Mustata2013	MGAT4C	ENSG00000182050	OK
Fetal_intestinal_Mustata2013	RDH10	ENSG00000121039	OK
Fetal_intestinal_Mustata2013	ENAH	ENSG00000154380	OK
Fetal_intestinal_Mustata2013	VNN1	ENSG00000112299	OK
Fetal_intestinal_Mustata2013	EPHA4	ENSG00000116106	OK
Fetal_intestinal_Mustata2013	PDLIM4	ENSG00000131435	OK
Fetal_intestinal_Mustata2013	GGTA1	ENSG00000204136	OK
Fetal_intestinal_Mustata2013	TNNI2	ENSG00000130598;ENSG00000288219	MULTI
Fetal_intestinal_Mustata2013	IER3	ENSG00000137331;ENSG00000206478;ENSG00000227231;ENSG00000230128;ENSG00000235030;ENSG00000237155	MULTI
Fetal_intestinal_Mustata2013	GLIPR1	ENSG00000139278	OK
Fetal_intestinal_Mustata2013	IL17RE	ENSG00000163701	OK
Fetal_intestinal_Mustata2013	TMEM34		UNMAPPED
Fetal_intestinal_Mustata2013	S100A7A	ENSG00000184330	OK
Fetal_intestinal_Mustata2013	MCPT2		UNMAPPED
Fetal_intestinal_Mustata2013	SUOX	ENSG00000139531	OK
Fetal_intestinal_Mustata2013	PRSS22	ENSG00000005001;ENSG00000282937	MULTI
Fetal_intestinal_Mustata2013	TSPAN6	ENSG00000000003	OK
Fetal_intestinal_Mustata2013	ABCB1B		UNMAPPED
Fetal_intestinal_Mustata2013	TNS4	ENSG00000131746	OK
Fetal_intestinal_Mustata2013	S100A14	ENSG00000189334	OK
Fetal_intestinal_Mustata2013	LAMC2	ENSG00000058085	OK
Fetal_intestinal_Mustata2013	JUB		UNMAPPED
Fetal_intestinal_Mustata2013	ECM1	ENSG00000143369	OK
Fetal_intestinal_Mustata2013	SCEL	ENSG00000136155	OK
Fetal_intestinal_Mustata2013	FAM198B		UNMAPPED
Fetal_intestinal_Mustata2013	OSBPL5	ENSG00000021762	OK
Fetal_intestinal_Mustata2013	TLR4	ENSG00000136869	OK
Fetal_intestinal_Mustata2013	TIMP2	ENSG00000035862	OK
Fetal_intestinal_Mustata2013	TREX2	ENSG00000183479	OK
Fetal_intestinal_Mustata2013	GATM	ENSG00000171766	OK
Fetal_intestinal_Mustata2013	ZIC4	ENSG00000174963	OK
Fetal_intestinal_Mustata2013	ARL4C	ENSG00000188042	OK
Fetal_intestinal_Mustata2013	WWTR1	ENSG00000018408	OK
Fetal_intestinal_Mustata2013	AQP5	ENSG00000161798	OK
Fetal_intestinal_Mustata2013	CAPN2	ENSG00000162909	OK
Fetal_intestinal_Mustata2013	CCP110	ENSG00000103540	OK
Fetal_intestinal_Mustata2013	EMP2	ENSG00000213853	OK
Fetal_intestinal_Mustata2013	ABCC4	ENSG00000125257	OK
Fetal_intestinal_Mustata2013	MTAP6		UNMAPPED
Fetal_intestinal_Mustata2013	HYAL1	ENSG00000114378	OK
Fetal_intestinal_Mustata2013	IFT57	ENSG00000114446	OK
Fetal_intestinal_Mustata2013	SERPINB6B		UNMAPPED
Fetal_intestinal_Mustata2013	SLC25A48	ENSG00000145832	OK
Fetal_intestinal_Mustata2013	PSRC1	ENSG00000134222	OK
Fetal_intestinal_Mustata2013	SLC44A2	ENSG00000129353	OK
Fetal_intestinal_Mustata2013	HSPA1B	ENSG00000204388;ENSG00000212866;ENSG00000224501;ENSG00000231555;ENSG00000232804	MULTI
Fetal_intestinal_Mustata2013	PPL	ENSG00000118898	OK
Fetal_intestinal_Mustata2013	MGMT	ENSG00000170430	OK
Fetal_intestinal_Mustata2013	CD68	ENSG00000129226	OK
Fetal_intestinal_Mustata2013	CXCL16	ENSG00000161921	OK
Fetal_intestinal_Mustata2013	P2RY6	ENSG00000171631	OK
Fetal_intestinal_Mustata2013	DDAH1	ENSG00000153904	OK
Fetal_intestinal_Mustata2013	PMEPA1	ENSG00000124225	OK
Fetal_intestinal_Mustata2013	GCNT1	ENSG00000187210	OK
Fetal_intestinal_Mustata2013	CGNL1	ENSG00000128849	OK
Fetal_intestinal_Mustata2013	EMP1	ENSG00000134531	OK
Fetal_intestinal_Mustata2013	PRL2C3		UNMAPPED
Fetal_intestinal_Mustata2013	BOK	ENSG00000176720	OK
Fetal_intestinal_Mustata2013	ILDR1	ENSG00000145103	OK
Fetal_intestinal_Mustata2013	PLF		UNMAPPED
Fetal_intestinal_Mustata2013	ARHGEF4	ENSG00000136002	OK
Fetal_intestinal_Mustata2013	ARHGEF3	ENSG00000163947	OK
Fetal_intestinal_Mustata2013	MSN	ENSG00000147065	OK
Fetal_intestinal_Mustata2013	DCXR	ENSG00000169738	OK
Fetal_intestinal_Mustata2013	SPATA6	ENSG00000132122	OK
Fetal_intestinal_Mustata2013	ARHGAP44	ENSG00000006740	OK
Fetal_intestinal_Mustata2013	RGS19	ENSG00000171700	OK
Fetal_intestinal_Mustata2013	NOXO1	ENSG00000196408;ENSG00000291939	MULTI
Fetal_intestinal_Mustata2013	VANGL1	ENSG00000173218	OK
Fetal_intestinal_Mustata2013	S100A4	ENSG00000196154	OK
Fetal_intestinal_Mustata2013	TSPAN4	ENSG00000214063	OK
Fetal_intestinal_Mustata2013	GPR137B	ENSG00000077585	OK
Fetal_intestinal_Mustata2013	CCND2	ENSG00000118971	OK
Fetal_intestinal_Mustata2013	TTC9	ENSG00000133985	OK
Fetal_intestinal_Mustata2013	PDRG1	ENSG00000088356	OK
Fetal_intestinal_Mustata2013	VAMP5	ENSG00000168899	OK
Fetal_intestinal_Mustata2013	FAR1	ENSG00000197601	OK
Fetal_intestinal_Mustata2013	SERPINB5	ENSG00000206075	OK
Fetal_intestinal_Mustata2013	CTSH	ENSG00000103811	OK
Fetal_intestinal_Mustata2013	FAM212B		UNMAPPED
Fetal_intestinal_Mustata2013	AKR1B10	ENSG00000198074	OK
Fetal_intestinal_Mustata2013	RAB15	ENSG00000139998	OK
Fetal_intestinal_Mustata2013	ZMAT3	ENSG00000172667	OK
Fetal_intestinal_Mustata2013	AHNAK	ENSG00000124942	OK
Fetal_intestinal_Mustata2013	KRT18	ENSG00000111057	OK
Fetal_intestinal_Mustata2013	DAPK1	ENSG00000196730	OK
Fetal_intestinal_Mustata2013	FLOT2	ENSG00000132589	OK
Fetal_intestinal_Mustata2013	AVPI1	ENSG00000119986	OK
Fetal_intestinal_Mustata2013	RAB11FIP5	ENSG00000135631	OK
Fetal_intestinal_Mustata2013	TUBA1		UNMAPPED
Fetal_intestinal_Mustata2013	FAM129B		UNMAPPED
Fetal_intestinal_Mustata2013	MFSD4		UNMAPPED
Fetal_intestinal_Mustata2013	PAQR8	ENSG00000170915	OK
Fetal_intestinal_Mustata2013	SERPINB11	ENSG00000206072	OK
Fetal_intestinal_Mustata2013	PRKAR1A	ENSG00000108946	OK
Fetal_intestinal_Mustata2013	LAMA3	ENSG00000053747	OK
Fetal_intestinal_Mustata2013	TINAGL1	ENSG00000142910	OK
Fetal_intestinal_Mustata2013	MCAM	ENSG00000076706	OK
Fetal_intestinal_Mustata2013	NFE2L3	ENSG00000050344	OK
Fetal_intestinal_Mustata2013	SH3BGRL2	ENSG00000198478	OK
Fetal_intestinal_Mustata2013	LMNA	ENSG00000160789	OK
Fetal_intestinal_Mustata2013	SCMH1	ENSG00000010803	OK
Fetal_intestinal_Mustata2013	PDLIM7	ENSG00000196923	OK
Fetal_intestinal_Mustata2013	FOXQ1	ENSG00000164379	OK
Fetal_intestinal_Mustata2013	GCNT3	ENSG00000140297	OK
Fetal_intestinal_Mustata2013	AKR1B3		UNMAPPED
Fetal_intestinal_Mustata2013	TMEM43	ENSG00000170876	OK
Fetal_intestinal_Mustata2013	MDM2	ENSG00000135679	OK
Fetal_intestinal_Mustata2013	SLFN2		UNMAPPED
Fetal_intestinal_Mustata2013	GTSE1	ENSG00000075218	OK
Fetal_intestinal_Mustata2013	GPC1	ENSG00000063660	OK
Fetal_intestinal_Mustata2013	CAMSAP2	ENSG00000118200	OK
Fetal_intestinal_Mustata2013	HSPB1	ENSG00000106211	OK
Fetal_intestinal_Mustata2013	EPS8L1	ENSG00000131037	OK
Fetal_intestinal_Mustata2013	CKAP2	ENSG00000136108	OK
Fetal_intestinal_Mustata2013	GOLGA2	ENSG00000167110	OK
Fetal_intestinal_Mustata2013	ADAM9	ENSG00000168615;ENSG00000282230	MULTI
Fetal_intestinal_Mustata2013	PLAT	ENSG00000104368	OK
Fetal_intestinal_Mustata2013	WWC2	ENSG00000151718	OK
Fetal_intestinal_Mustata2013	PRKCDBP		UNMAPPED
Fetal_intestinal_Mustata2013	INF2	ENSG00000203485	OK
Fetal_intestinal_Mustata2013	AIM1		UNMAPPED
Fetal_intestinal_Mustata2013	MRAS	ENSG00000158186	OK
Fetal_intestinal_Mustata2013	TPM2	ENSG00000198467	OK
Fetal_intestinal_Mustata2013	CHRNB1	ENSG00000170175;ENSG00000283946	MULTI
Fetal_intestinal_Mustata2013	ANXA5	ENSG00000164111	OK
Fetal_intestinal_Mustata2013	AK1	ENSG00000106992	OK
Fetal_intestinal_Mustata2013	VAX1	ENSG00000148704	OK
Fetal_intestinal_Mustata2013	TEAD4	ENSG00000197905	OK
Fetal_intestinal_Mustata2013	DYRK3	ENSG00000143479	OK
Fetal_intestinal_Mustata2013	ITGB4	ENSG00000132470	OK
Fetal_intestinal_Mustata2013	BAX	ENSG00000087088	OK
Fetal_intestinal_Mustata2013	ARL1	ENSG00000120805	OK
Fetal_intestinal_Mustata2013	RHOD	ENSG00000173156	OK
Fetal_intestinal_Mustata2013	FAM64A		UNMAPPED
Fetal_intestinal_Mustata2013	MSANTD3	ENSG00000066697	OK
Fetal_intestinal_Mustata2013	CD99L2	ENSG00000102181	OK
Fetal_intestinal_Mustata2013	KLRG2	ENSG00000188883	OK
Fetal_intestinal_Mustata2013	CLCF1	ENSG00000175505	OK
Fetal_intestinal_Mustata2013	ID2	ENSG00000115738	OK
Fetal_intestinal_Mustata2013	SCA10		UNMAPPED
Fetal_intestinal_Mustata2013	SGCB	ENSG00000163069	OK
Fetal_intestinal_Mustata2013	AEN	ENSG00000181026	OK
Fetal_intestinal_Mustata2013	ABCC5	ENSG00000114770	OK
Fetal_intestinal_Mustata2013	FLNC	ENSG00000128591	OK
Fetal_intestinal_Mustata2013	PIR	ENSG00000087842	OK
Fetal_intestinal_Mustata2013	CDKN2A	ENSG00000147889	OK
Fetal_intestinal_Mustata2013	FMNL2	ENSG00000157827	OK
Fetal_intestinal_Mustata2013	FBXW9	ENSG00000132004	OK
Fetal_intestinal_Mustata2013	CD44	ENSG00000026508	OK
Fetal_intestinal_Mustata2013	SLC39A10	ENSG00000196950	OK
Fetal_intestinal_Mustata2013	ENDOD1	ENSG00000149218	OK
Fetal_intestinal_Mustata2013	MBOAT1	ENSG00000172197	OK
Fetal_intestinal_Mustata2013	KIFC3	ENSG00000140859	OK
Fetal_intestinal_Mustata2013	CCDC92	ENSG00000119242;ENSG00000275035	MULTI
Fetal_intestinal_Mustata2013	SUSD4	ENSG00000143502	OK
Fetal_intestinal_Mustata2013	CNN2	ENSG00000064666	OK
Fetal_intestinal_Mustata2013	GNAI1	ENSG00000127955	OK
Fetal_intestinal_Mustata2013	RAB27B	ENSG00000041353	OK
Fetal_intestinal_Mustata2013	TSPAN2	ENSG00000134198	OK
Fetal_intestinal_Mustata2013	USP46	ENSG00000109189	OK
Fetal_intestinal_Mustata2013	P2RY2	ENSG00000175591	OK
Fetal_intestinal_Mustata2013	CD55	ENSG00000196352	OK
Fetal_intestinal_Mustata2013	KRT23	ENSG00000108244;ENSG00000263309	MULTI
Fetal_intestinal_Mustata2013	GSN	ENSG00000148180	OK
Fetal_intestinal_Mustata2013	S100A16	ENSG00000188643	OK
Fetal_intestinal_Mustata2013	GPR120		UNMAPPED
Fetal_intestinal_Mustata2013	TBC1D2	ENSG00000095383	OK
Fetal_intestinal_Mustata2013	SORL1	ENSG00000137642	OK
Fetal_intestinal_Mustata2013	FKBP9	ENSG00000122642	OK
Fetal_intestinal_Mustata2013	AAAS	ENSG00000094914;ENSG00000291836	MULTI
Fetal_intestinal_Mustata2013	EPN3	ENSG00000049283	OK
Fetal_intestinal_Mustata2013	FRMD6	ENSG00000139926	OK
Fetal_intestinal_Mustata2013	ALCAM	ENSG00000170017	OK
Fetal_intestinal_Mustata2013	G6PDX		UNMAPPED
Fetal_intestinal_Mustata2013	ABI3	ENSG00000108798	OK
Fetal_intestinal_Mustata2013	B9D1	ENSG00000108641	OK
Fetal_intestinal_Mustata2013	ZBTB32	ENSG00000011590	OK
Fetal_intestinal_Mustata2013	IL4RA		UNMAPPED
Fetal_intestinal_Mustata2013	TRP53INP1		UNMAPPED
Fetal_intestinal_Mustata2013	GJB3	ENSG00000188910	OK
Fetal_intestinal_Mustata2013	ZFP52		UNMAPPED
Fetal_intestinal_Mustata2013	PLCD3	ENSG00000161714	OK
Fetal_intestinal_Mustata2013	BTG2	ENSG00000159388	OK
Fetal_intestinal_Mustata2013	SLC19A2	ENSG00000117479	OK
Fetal_intestinal_Mustata2013	SLCO4A1	ENSG00000101187	OK
Fetal_intestinal_Mustata2013	BAIAP2	ENSG00000175866	OK
Fetal_intestinal_Mustata2013	ERCC5	ENSG00000134899	OK
Fetal_intestinal_Mustata2013	ABHD4	ENSG00000100439	OK
Fetal_intestinal_Mustata2013	KCNN4	ENSG00000104783	OK
Fetal_intestinal_Mustata2013	DHH	ENSG00000139549	OK
Fetal_intestinal_Mustata2013	AP1S3	ENSG00000152056	OK
Fetal_intestinal_Mustata2013	WNT4	ENSG00000162552	OK
Fetal_intestinal_Mustata2013	GLIS3	ENSG00000107249	OK
Fetal_intestinal_Mustata2013	TNFAIP8	ENSG00000145779	OK
Fetal_intestinal_Mustata2013	MLKL	ENSG00000168404	OK
Fetal_intestinal_Mustata2013	PHLDA2	ENSG00000181649;ENSG00000274538	MULTI
Fetal_intestinal_Mustata2013	FOSL1	ENSG00000175592	OK
Fetal_intestinal_Mustata2013	DUSP22	ENSG00000112679	OK
Fetal_intestinal_Mustata2013	HSPA2	ENSG00000126803	OK
Fetal_intestinal_Mustata2013	WTIP	ENSG00000142279	OK
Fetal_intestinal_Mustata2013	SOGA2		UNMAPPED
Fetal_intestinal_Mustata2013	KLHL13	ENSG00000003096	OK
Fetal_intestinal_Mustata2013	CAMKK1	ENSG00000004660	OK
Fetal_intestinal_Mustata2013	CAPN5	ENSG00000149260	OK
Fetal_intestinal_Mustata2013	ICA1	ENSG00000003147	OK
Fetal_intestinal_Mustata2013	TNFRSF10B	ENSG00000120889	OK
Fetal_intestinal_Mustata2013	GADD45B	ENSG00000099860	OK
Fetal_intestinal_Mustata2013	EXOC4	ENSG00000131558	OK
Fetal_intestinal_Mustata2013	RGS17	ENSG00000091844	OK
Fetal_intestinal_Mustata2013	STX11	ENSG00000135604	OK
Fetal_intestinal_Mustata2013	RPS19	ENSG00000105372	OK
Fetal_intestinal_Mustata2013	GUSB	ENSG00000169919	OK
Fetal_intestinal_Mustata2013	SERPINH1	ENSG00000149257	OK
Fetal_intestinal_Mustata2013	CPT1C	ENSG00000169169	OK
Fetal_intestinal_Mustata2013	BTBD11		UNMAPPED
Fetal_intestinal_Mustata2013	FAM149A	ENSG00000109794	OK
MYC_targets_Hallmark_V1_V2	ABCE1	ENSG00000164163	OK
MYC_targets_Hallmark_V1_V2	ACP1	ENSG00000143727	OK
MYC_targets_Hallmark_V1_V2	AIMP2	ENSG00000106305	OK
MYC_targets_Hallmark_V1_V2	AP3S1	ENSG00000177879	OK
MYC_targets_Hallmark_V1_V2	APEX1	ENSG00000100823;ENSG00000291796	MULTI
MYC_targets_Hallmark_V1_V2	BUB3	ENSG00000154473	OK
MYC_targets_Hallmark_V1_V2	C1QBP	ENSG00000108561	OK
MYC_targets_Hallmark_V1_V2	CAD	ENSG00000084774	OK
MYC_targets_Hallmark_V1_V2	CANX	ENSG00000127022;ENSG00000283777	MULTI
MYC_targets_Hallmark_V1_V2	CBX3	ENSG00000122565	OK
MYC_targets_Hallmark_V1_V2	CCNA2	ENSG00000145386	OK
MYC_targets_Hallmark_V1_V2	CCT2	ENSG00000166226	OK
MYC_targets_Hallmark_V1_V2	CCT3	ENSG00000163468	OK
MYC_targets_Hallmark_V1_V2	CCT4	ENSG00000115484	OK
MYC_targets_Hallmark_V1_V2	CCT5	ENSG00000150753	OK
MYC_targets_Hallmark_V1_V2	CCT7	ENSG00000135624	OK
MYC_targets_Hallmark_V1_V2	CDC20	ENSG00000117399	OK
MYC_targets_Hallmark_V1_V2	CDC45	ENSG00000093009	OK
MYC_targets_Hallmark_V1_V2	CDK2	ENSG00000123374	OK
MYC_targets_Hallmark_V1_V2	CDK4	ENSG00000135446	OK
MYC_targets_Hallmark_V1_V2	CLNS1A	ENSG00000074201	OK
MYC_targets_Hallmark_V1_V2	CNBP	ENSG00000169714	OK
MYC_targets_Hallmark_V1_V2	COPS5	ENSG00000121022	OK
MYC_targets_Hallmark_V1_V2	COX5A	ENSG00000178741	OK
MYC_targets_Hallmark_V1_V2	CSTF2	ENSG00000101811	OK
MYC_targets_Hallmark_V1_V2	CTPS1	ENSG00000171793	OK
MYC_targets_Hallmark_V1_V2	CUL1	ENSG00000055130	OK
MYC_targets_Hallmark_V1_V2	CYC1	ENSG00000179091	OK
MYC_targets_Hallmark_V1_V2	DDX18	ENSG00000088205	OK
MYC_targets_Hallmark_V1_V2	DDX21	ENSG00000165732	OK
MYC_targets_Hallmark_V1_V2	DEK	ENSG00000124795	OK
MYC_targets_Hallmark_V1_V2	DHX15	ENSG00000109606	OK
MYC_targets_Hallmark_V1_V2	DUT	ENSG00000128951	OK
MYC_targets_Hallmark_V1_V2	EEF1B2	ENSG00000114942;ENSG00000283391	MULTI
MYC_targets_Hallmark_V1_V2	EIF1AX	ENSG00000173674	OK
MYC_targets_Hallmark_V1_V2	EIF2S1	ENSG00000134001	OK
MYC_targets_Hallmark_V1_V2	EIF2S2	ENSG00000125977	OK
MYC_targets_Hallmark_V1_V2	EIF3B	ENSG00000106263	OK
MYC_targets_Hallmark_V1_V2	EIF3D	ENSG00000100353	OK
MYC_targets_Hallmark_V1_V2	EIF3J	ENSG00000104131	OK
MYC_targets_Hallmark_V1_V2	EIF4A1	ENSG00000161960	OK
MYC_targets_Hallmark_V1_V2	EIF4E	ENSG00000151247	OK
MYC_targets_Hallmark_V1_V2	EIF4G2	ENSG00000110321	OK
MYC_targets_Hallmark_V1_V2	EIF4H	ENSG00000106682	OK
MYC_targets_Hallmark_V1_V2	EPRS1	ENSG00000136628	OK
MYC_targets_Hallmark_V1_V2	ERH	ENSG00000100632	OK
MYC_targets_Hallmark_V1_V2	ETF1	ENSG00000120705	OK
MYC_targets_Hallmark_V1_V2	EXOSC7	ENSG00000075914	OK
MYC_targets_Hallmark_V1_V2	FAM120A	ENSG00000048828	OK
MYC_targets_Hallmark_V1_V2	FBL	ENSG00000105202;ENSG00000280548	MULTI
MYC_targets_Hallmark_V1_V2	G3BP1	ENSG00000145907	OK
MYC_targets_Hallmark_V1_V2	GLO1	ENSG00000124767	OK
MYC_targets_Hallmark_V1_V2	GNL3	ENSG00000163938	OK
MYC_targets_Hallmark_V1_V2	GOT2	ENSG00000125166	OK
MYC_targets_Hallmark_V1_V2	GSPT1	ENSG00000103342	OK
MYC_targets_Hallmark_V1_V2	H2AZ1	ENSG00000164032	OK
MYC_targets_Hallmark_V1_V2	HDAC2	ENSG00000196591	OK
MYC_targets_Hallmark_V1_V2	HDDC2	ENSG00000111906	OK
MYC_targets_Hallmark_V1_V2	HDGF	ENSG00000143321	OK
MYC_targets_Hallmark_V1_V2	HNRNPA1	ENSG00000135486	OK
MYC_targets_Hallmark_V1_V2	HNRNPA2B1	ENSG00000122566	OK
MYC_targets_Hallmark_V1_V2	HNRNPA3	ENSG00000170144	OK
MYC_targets_Hallmark_V1_V2	HNRNPC	ENSG00000092199	OK
MYC_targets_Hallmark_V1_V2	HNRNPD	ENSG00000138668	OK
MYC_targets_Hallmark_V1_V2	HNRNPR	ENSG00000125944;ENSG00000282958	MULTI
MYC_targets_Hallmark_V1_V2	HNRNPU	ENSG00000153187	OK
MYC_targets_Hallmark_V1_V2	HPRT1	ENSG00000165704	OK
MYC_targets_Hallmark_V1_V2	HSP90AB1	ENSG00000096384	OK
MYC_targets_Hallmark_V1_V2	HSPD1	ENSG00000144381	OK
MYC_targets_Hallmark_V1_V2	HSPE1	ENSG00000115541	OK
MYC_targets_Hallmark_V1_V2	IARS1	ENSG00000196305;ENSG00000291356	MULTI
MYC_targets_Hallmark_V1_V2	IFRD1	ENSG00000006652	OK
MYC_targets_Hallmark_V1_V2	ILF2	ENSG00000143621	OK
MYC_targets_Hallmark_V1_V2	IMPDH2	ENSG00000178035	OK
MYC_targets_Hallmark_V1_V2	KARS1	ENSG00000065427	OK
MYC_targets_Hallmark_V1_V2	KPNA2	ENSG00000182481	OK
MYC_targets_Hallmark_V1_V2	KPNB1	ENSG00000108424	OK
MYC_targets_Hallmark_V1_V2	LDHA	ENSG00000134333;ENSG00000288299	MULTI
MYC_targets_Hallmark_V1_V2	LSM2	ENSG00000172850;ENSG00000204392;ENSG00000224979;ENSG00000225998;ENSG00000231502;ENSG00000236826	MULTI
MYC_targets_Hallmark_V1_V2	LSM7	ENSG00000130332	OK
MYC_targets_Hallmark_V1_V2	MAD2L1	ENSG00000164109	OK
MYC_targets_Hallmark_V1_V2	MCM2	ENSG00000073111	OK
MYC_targets_Hallmark_V1_V2	MCM4	ENSG00000104738	OK
MYC_targets_Hallmark_V1_V2	MCM5	ENSG00000100297	OK
MYC_targets_Hallmark_V1_V2	MCM6	ENSG00000076003	OK
MYC_targets_Hallmark_V1_V2	MCM7	ENSG00000166508	OK
MYC_targets_Hallmark_V1_V2	MRPL23	ENSG00000214026;ENSG00000288141	MULTI
MYC_targets_Hallmark_V1_V2	MRPL9	ENSG00000143436	OK
MYC_targets_Hallmark_V1_V2	MRPS18B	ENSG00000203624;ENSG00000204568;ENSG00000223775;ENSG00000226111;ENSG00000227420;ENSG00000229861;ENSG00000233813	MULTI
MYC_targets_Hallmark_V1_V2	MYC	ENSG00000136997	OK
MYC_targets_Hallmark_V1_V2	NAP1L1	ENSG00000187109	OK
MYC_targets_Hallmark_V1_V2	NCBP1	ENSG00000136937	OK
MYC_targets_Hallmark_V1_V2	NCBP2	ENSG00000114503	OK
MYC_targets_Hallmark_V1_V2	NDUFAB1	ENSG00000004779	OK
MYC_targets_Hallmark_V1_V2	NHP2	ENSG00000145912	OK
MYC_targets_Hallmark_V1_V2	NME1	ENSG00000239672	OK
MYC_targets_Hallmark_V1_V2	NOLC1	ENSG00000166197	OK
MYC_targets_Hallmark_V1_V2	NOP16	ENSG00000048162	OK
MYC_targets_Hallmark_V1_V2	NOP56	ENSG00000101361	OK
MYC_targets_Hallmark_V1_V2	NPM1	ENSG00000181163	OK
MYC_targets_Hallmark_V1_V2	ODC1	ENSG00000115758	OK
MYC_targets_Hallmark_V1_V2	ORC2	ENSG00000115942	OK
MYC_targets_Hallmark_V1_V2	PA2G4	ENSG00000170515	OK
MYC_targets_Hallmark_V1_V2	PABPC1	ENSG00000070756	OK
MYC_targets_Hallmark_V1_V2	PABPC4	ENSG00000090621	OK
MYC_targets_Hallmark_V1_V2	PCBP1	ENSG00000169564	OK
MYC_targets_Hallmark_V1_V2	PCNA	ENSG00000132646	OK
MYC_targets_Hallmark_V1_V2	PGK1	ENSG00000102144	OK
MYC_targets_Hallmark_V1_V2	PHB1	ENSG00000167085	OK
MYC_targets_Hallmark_V1_V2	PHB2	ENSG00000215021	OK
MYC_targets_Hallmark_V1_V2	POLD2	ENSG00000106628	OK
MYC_targets_Hallmark_V1_V2	POLE3	ENSG00000148229	OK
MYC_targets_Hallmark_V1_V2	PPIA	ENSG00000196262	OK
MYC_targets_Hallmark_V1_V2	PPM1G	ENSG00000115241	OK
MYC_targets_Hallmark_V1_V2	PRDX3	ENSG00000165672	OK
MYC_targets_Hallmark_V1_V2	PRDX4	ENSG00000123131	OK
MYC_targets_Hallmark_V1_V2	PRPF31	ENSG00000105618;ENSG00000274144;ENSG00000274651;ENSG00000274894;ENSG00000275117;ENSG00000275885;ENSG00000276421;ENSG00000277154;ENSG00000277707;ENSG00000277953	MULTI
MYC_targets_Hallmark_V1_V2	PRPS2	ENSG00000101911	OK
MYC_targets_Hallmark_V1_V2	PSMA1	ENSG00000129084	OK
MYC_targets_Hallmark_V1_V2	PSMA2	ENSG00000106588	OK
MYC_targets_Hallmark_V1_V2	PSMA4	ENSG00000041357	OK
MYC_targets_Hallmark_V1_V2	PSMA6	ENSG00000100902	OK
MYC_targets_Hallmark_V1_V2	PSMA7	ENSG00000101182	OK
MYC_targets_Hallmark_V1_V2	PSMB2	ENSG00000126067	OK
MYC_targets_Hallmark_V1_V2	PSMB3	ENSG00000275903;ENSG00000277791	MULTI
MYC_targets_Hallmark_V1_V2	PSMC4	ENSG00000013275;ENSG00000281221	MULTI
MYC_targets_Hallmark_V1_V2	PSMC6	ENSG00000100519	OK
MYC_targets_Hallmark_V1_V2	PSMD1	ENSG00000173692	OK
MYC_targets_Hallmark_V1_V2	PSMD14	ENSG00000115233	OK
MYC_targets_Hallmark_V1_V2	PSMD3	ENSG00000108344	OK
MYC_targets_Hallmark_V1_V2	PSMD7	ENSG00000103035	OK
MYC_targets_Hallmark_V1_V2	PSMD8	ENSG00000099341	OK
MYC_targets_Hallmark_V1_V2	PTGES3	ENSG00000110958	OK
MYC_targets_Hallmark_V1_V2	PWP1	ENSG00000136045	OK
MYC_targets_Hallmark_V1_V2	RACK1	ENSG00000204628	OK
MYC_targets_Hallmark_V1_V2	RAD23B	ENSG00000119318	OK
MYC_targets_Hallmark_V1_V2	RAN	ENSG00000132341	OK
MYC_targets_Hallmark_V1_V2	RANBP1	ENSG00000099901	OK
MYC_targets_Hallmark_V1_V2	RFC4	ENSG00000163918	OK
MYC_targets_Hallmark_V1_V2	RNPS1	ENSG00000188378;ENSG00000196294;ENSG00000205937	MULTI
MYC_targets_Hallmark_V1_V2	RPL14	ENSG00000188846	OK
MYC_targets_Hallmark_V1_V2	RPL18	ENSG00000063177	OK
MYC_targets_Hallmark_V1_V2	RPL22	ENSG00000116251	OK
MYC_targets_Hallmark_V1_V2	RPL34	ENSG00000109475	OK
MYC_targets_Hallmark_V1_V2	RPL6	ENSG00000089009	OK
MYC_targets_Hallmark_V1_V2	RPLP0	ENSG00000089157	OK
MYC_targets_Hallmark_V1_V2	RPS10	ENSG00000124614	OK
MYC_targets_Hallmark_V1_V2	RPS2	ENSG00000140988;ENSG00000291931	MULTI
MYC_targets_Hallmark_V1_V2	RPS3	ENSG00000149273	OK
MYC_targets_Hallmark_V1_V2	RPS5	ENSG00000083845	OK
MYC_targets_Hallmark_V1_V2	RPS6	ENSG00000137154	OK
MYC_targets_Hallmark_V1_V2	RRM1	ENSG00000167325	OK
MYC_targets_Hallmark_V1_V2	RRP9	ENSG00000114767	OK
MYC_targets_Hallmark_V1_V2	RSL1D1	ENSG00000171490	OK
MYC_targets_Hallmark_V1_V2	RUVBL2	ENSG00000183207	OK
MYC_targets_Hallmark_V1_V2	SERBP1	ENSG00000142864	OK
MYC_targets_Hallmark_V1_V2	SET	ENSG00000119335	OK
MYC_targets_Hallmark_V1_V2	SF3A1	ENSG00000099995	OK
MYC_targets_Hallmark_V1_V2	SF3B3	ENSG00000189091	OK
MYC_targets_Hallmark_V1_V2	SLC25A3	ENSG00000075415	OK
MYC_targets_Hallmark_V1_V2	SMARCC1	ENSG00000173473	OK
MYC_targets_Hallmark_V1_V2	SNRPA	ENSG00000077312	OK
MYC_targets_Hallmark_V1_V2	SNRPA1	ENSG00000131876	OK
MYC_targets_Hallmark_V1_V2	SNRPB2	ENSG00000125870	OK
MYC_targets_Hallmark_V1_V2	SNRPD1	ENSG00000167088	OK
MYC_targets_Hallmark_V1_V2	SNRPD2	ENSG00000125743	OK
MYC_targets_Hallmark_V1_V2	SNRPD3	ENSG00000100028	OK
MYC_targets_Hallmark_V1_V2	SNRPG	ENSG00000143977	OK
MYC_targets_Hallmark_V1_V2	SRM	ENSG00000116649	OK
MYC_targets_Hallmark_V1_V2	SRPK1	ENSG00000096063	OK
MYC_targets_Hallmark_V1_V2	SRSF1	ENSG00000136450	OK
MYC_targets_Hallmark_V1_V2	SRSF2	ENSG00000161547	OK
MYC_targets_Hallmark_V1_V2	SRSF3	ENSG00000112081	OK
MYC_targets_Hallmark_V1_V2	SRSF7	ENSG00000115875	OK
MYC_targets_Hallmark_V1_V2	SSB	ENSG00000138385	OK
MYC_targets_Hallmark_V1_V2	SSBP1	ENSG00000106028;ENSG00000262771	MULTI
MYC_targets_Hallmark_V1_V2	STARD7	ENSG00000084090	OK
MYC_targets_Hallmark_V1_V2	SYNCRIP	ENSG00000135316;ENSG00000271793	MULTI
MYC_targets_Hallmark_V1_V2	TARDBP	ENSG00000120948	OK
MYC_targets_Hallmark_V1_V2	TCP1	ENSG00000120438	OK
MYC_targets_Hallmark_V1_V2	TFDP1	ENSG00000198176	OK
MYC_targets_Hallmark_V1_V2	TOMM70	ENSG00000154174	OK
MYC_targets_Hallmark_V1_V2	TRA2B	ENSG00000136527	OK
MYC_targets_Hallmark_V1_V2	TRIM28	ENSG00000130726	OK
MYC_targets_Hallmark_V1_V2	TUFM	ENSG00000178952	OK
MYC_targets_Hallmark_V1_V2	TXNL4A	ENSG00000141759	OK
MYC_targets_Hallmark_V1_V2	TYMS	ENSG00000176890	OK
MYC_targets_Hallmark_V1_V2	U2AF1	ENSG00000160201	OK
MYC_targets_Hallmark_V1_V2	UBA2	ENSG00000126261	OK
MYC_targets_Hallmark_V1_V2	UBE2E1	ENSG00000170142	OK
MYC_targets_Hallmark_V1_V2	UBE2L3	ENSG00000185651	OK
MYC_targets_Hallmark_V1_V2	USP1	ENSG00000162607	OK
MYC_targets_Hallmark_V1_V2	VBP1	ENSG00000155959	OK
MYC_targets_Hallmark_V1_V2	VDAC1	ENSG00000213585	OK
MYC_targets_Hallmark_V1_V2	VDAC3	ENSG00000078668	OK
MYC_targets_Hallmark_V1_V2	XPO1	ENSG00000082898	OK
MYC_targets_Hallmark_V1_V2	XPOT	ENSG00000184575	OK
MYC_targets_Hallmark_V1_V2	XRCC6	ENSG00000196419	OK
MYC_targets_Hallmark_V1_V2	YWHAE	ENSG00000108953;ENSG00000274474	MULTI
MYC_targets_Hallmark_V1_V2	YWHAQ	ENSG00000134308	OK
MYC_targets_Hallmark_V1_V2	BYSL	ENSG00000112578	OK
MYC_targets_Hallmark_V1_V2	DCTPP1	ENSG00000179958	OK
MYC_targets_Hallmark_V1_V2	DUSP2	ENSG00000158050	OK
MYC_targets_Hallmark_V1_V2	EXOSC5	ENSG00000077348	OK
MYC_targets_Hallmark_V1_V2	FARSA	ENSG00000179115	OK
MYC_targets_Hallmark_V1_V2	GRWD1	ENSG00000105447	OK
MYC_targets_Hallmark_V1_V2	HK2	ENSG00000159399	OK
MYC_targets_Hallmark_V1_V2	IMP4	ENSG00000136718	OK
MYC_targets_Hallmark_V1_V2	IPO4	ENSG00000196497;ENSG00000285248	MULTI
MYC_targets_Hallmark_V1_V2	LAS1L	ENSG00000001497	OK
MYC_targets_Hallmark_V1_V2	MAP3K6	ENSG00000142733	OK
MYC_targets_Hallmark_V1_V2	MPHOSPH10	ENSG00000124383	OK
MYC_targets_Hallmark_V1_V2	MRTO4	ENSG00000053372	OK
MYC_targets_Hallmark_V1_V2	MYBBP1A	ENSG00000132382	OK
MYC_targets_Hallmark_V1_V2	NDUFAF4	ENSG00000123545	OK
MYC_targets_Hallmark_V1_V2	NIP7	ENSG00000132603	OK
MYC_targets_Hallmark_V1_V2	NOC4L	ENSG00000184967;ENSG00000288146	MULTI
MYC_targets_Hallmark_V1_V2	NOP2	ENSG00000111641	OK
MYC_targets_Hallmark_V1_V2	PES1	ENSG00000100029	OK
MYC_targets_Hallmark_V1_V2	PLK1	ENSG00000166851	OK
MYC_targets_Hallmark_V1_V2	PLK4	ENSG00000142731	OK
MYC_targets_Hallmark_V1_V2	PPAN	ENSG00000130810	OK
MYC_targets_Hallmark_V1_V2	PPRC1	ENSG00000148840	OK
MYC_targets_Hallmark_V1_V2	PRMT3	ENSG00000185238	OK
MYC_targets_Hallmark_V1_V2	PUS1	ENSG00000177192	OK
MYC_targets_Hallmark_V1_V2	RABEPK	ENSG00000136933	OK
MYC_targets_Hallmark_V1_V2	RCL1	ENSG00000120158	OK
MYC_targets_Hallmark_V1_V2	RRP12	ENSG00000052749	OK
MYC_targets_Hallmark_V1_V2	SLC19A1	ENSG00000173638	OK
MYC_targets_Hallmark_V1_V2	SLC29A2	ENSG00000174669	OK
MYC_targets_Hallmark_V1_V2	SORD	ENSG00000140263	OK
MYC_targets_Hallmark_V1_V2	SUPV3L1	ENSG00000156502	OK
MYC_targets_Hallmark_V1_V2	TBRG4	ENSG00000136270	OK
MYC_targets_Hallmark_V1_V2	TCOF1	ENSG00000070814	OK
MYC_targets_Hallmark_V1_V2	TFB2M	ENSG00000162851	OK
MYC_targets_Hallmark_V1_V2	TMEM97	ENSG00000109084	OK
MYC_targets_Hallmark_V1_V2	UNG	ENSG00000076248	OK
MYC_targets_Hallmark_V1_V2	UTP20	ENSG00000120800	OK
MYC_targets_Hallmark_V1_V2	WDR43	ENSG00000163811	OK
MYC_targets_Hallmark_V1_V2	WDR74	ENSG00000133316	OK
Revival_revSC_Ayyaz2019	EXOSC9	ENSG00000123737	OK
Revival_revSC_Ayyaz2019	MIS12	ENSG00000167842	OK
Revival_revSC_Ayyaz2019	ACER3	ENSG00000078124	OK
Revival_revSC_Ayyaz2019	SPRR1A	ENSG00000169474	OK
Revival_revSC_Ayyaz2019	CCL20	ENSG00000115009	OK
Revival_revSC_Ayyaz2019	SPRR2F	ENSG00000244094	OK
Revival_revSC_Ayyaz2019	CNN3	ENSG00000117519	OK
Revival_revSC_Ayyaz2019	MROH3		UNMAPPED
Revival_revSC_Ayyaz2019	DMBT1	ENSG00000187908	OK
Revival_revSC_Ayyaz2019	MMP7	ENSG00000137673	OK
Revival_revSC_Ayyaz2019	SPRED1	ENSG00000166068	OK
Revival_revSC_Ayyaz2019	F3	ENSG00000117525	OK
Revival_revSC_Ayyaz2019	CETN2	ENSG00000147400;ENSG00000292191	MULTI
Revival_revSC_Ayyaz2019	SNRPD1	ENSG00000167088	OK
Revival_revSC_Ayyaz2019	IFITM3	ENSG00000142089	OK
Revival_revSC_Ayyaz2019	DDIT4	ENSG00000168209	OK
Revival_revSC_Ayyaz2019	RP2	ENSG00000102218	OK
Revival_revSC_Ayyaz2019	UHRF1BP1L		UNMAPPED
Revival_revSC_Ayyaz2019	LSM6	ENSG00000164167	OK
Revival_revSC_Ayyaz2019	PREP	ENSG00000085377	OK
Revival_revSC_Ayyaz2019	NUP133	ENSG00000069248	OK
Revival_revSC_Ayyaz2019	C1S1		UNMAPPED
Revival_revSC_Ayyaz2019	ZKSCAN6		UNMAPPED
Revival_revSC_Ayyaz2019	KIF20B	ENSG00000138182	OK
Revival_revSC_Ayyaz2019	KRT23	ENSG00000108244;ENSG00000263309	MULTI
Revival_revSC_Ayyaz2019	AIDA	ENSG00000186063	OK
Revival_revSC_Ayyaz2019	TOMM20	ENSG00000173726	OK
Revival_revSC_Ayyaz2019	KRT7	ENSG00000135480	OK
Revival_revSC_Ayyaz2019	ANO1	ENSG00000131620	OK
Revival_revSC_Ayyaz2019	DTNB	ENSG00000138101	OK
Revival_revSC_Ayyaz2019	CD9	ENSG00000010278	OK
Revival_revSC_Ayyaz2019	GNPAT	ENSG00000116906	OK
Revival_revSC_Ayyaz2019	LDHB	ENSG00000111716	OK
Revival_revSC_Ayyaz2019	DYNLL1	ENSG00000088986	OK
Revival_revSC_Ayyaz2019	PTMA	ENSG00000187514	OK
Revival_revSC_Ayyaz2019	RBM4	ENSG00000173933	OK
Revival_revSC_Ayyaz2019	PWWP2A	ENSG00000170234	OK
Revival_revSC_Ayyaz2019	PLEKHS1	ENSG00000148735	OK
Revival_revSC_Ayyaz2019	PLS3	ENSG00000102024	OK
Revival_revSC_Ayyaz2019	FXYD3	ENSG00000089356	OK
Revival_revSC_Ayyaz2019	CD24A		UNMAPPED
Revival_revSC_Ayyaz2019	DCP2	ENSG00000172795	OK
Revival_revSC_Ayyaz2019	KRT16	ENSG00000186832	OK
Revival_revSC_Ayyaz2019	DTX4	ENSG00000110042	OK
Revival_revSC_Ayyaz2019	MED14	ENSG00000180182	OK
Revival_revSC_Ayyaz2019	TMED9	ENSG00000184840	OK
Revival_revSC_Ayyaz2019	FNDC3B	ENSG00000075420	OK
Revival_revSC_Ayyaz2019	CLU	ENSG00000120885	OK
Revival_revSC_Ayyaz2019	AMOT	ENSG00000126016	OK
Revival_revSC_Ayyaz2019	PROM1	ENSG00000007062	OK
Revival_revSC_Ayyaz2019	KDM6A	ENSG00000147050	OK
Revival_revSC_Ayyaz2019	HMGB3	ENSG00000029993	OK
Revival_revSC_Ayyaz2019	IRGM1		UNMAPPED
Revival_revSC_Ayyaz2019	EDN1	ENSG00000078401	OK
Revival_revSC_Ayyaz2019	PARP8	ENSG00000151883	OK
Revival_revSC_Ayyaz2019	NIPAL2	ENSG00000104361	OK
Revival_revSC_Ayyaz2019	IBTK	ENSG00000005700;ENSG00000283068	MULTI
Revival_revSC_Ayyaz2019	EDEM3	ENSG00000116406	OK
Revival_revSC_Ayyaz2019	CUTC	ENSG00000119929	OK
Revival_revSC_Ayyaz2019	PNPT1	ENSG00000138035	OK
Revival_revSC_Ayyaz2019	CCDC58		UNMAPPED
Revival_revSC_Ayyaz2019	CCND2	ENSG00000118971	OK
Revival_revSC_Ayyaz2019	RALA	ENSG00000006451	OK
Revival_revSC_Ayyaz2019	AMER1	ENSG00000184675	OK
Revival_revSC_Ayyaz2019	STOX2	ENSG00000173320	OK
Revival_revSC_Ayyaz2019	TUG1	ENSG00000253352	OK
Revival_revSC_Ayyaz2019	SERPINB5	ENSG00000206075	OK
Revival_revSC_Ayyaz2019	EIF1AX	ENSG00000173674	OK
Revival_revSC_Ayyaz2019	PLAUR	ENSG00000011422	OK
Revival_revSC_Ayyaz2019	VRK1	ENSG00000100749	OK
Revival_revSC_Ayyaz2019	TEAD1	ENSG00000187079	OK
Revival_revSC_Ayyaz2019	PSMC4	ENSG00000013275;ENSG00000281221	MULTI
Revival_revSC_Ayyaz2019	DUSP1	ENSG00000120129	OK
Revival_revSC_Ayyaz2019	PSD	ENSG00000059915	OK
Revival_revSC_Ayyaz2019	DUSP10	ENSG00000143507	OK
Revival_revSC_Ayyaz2019	KLHDC2	ENSG00000165516	OK
Revival_revSC_Ayyaz2019	SOCS5	ENSG00000171150	OK
Revival_revSC_Ayyaz2019	LOR		UNMAPPED
Revival_revSC_Ayyaz2019	GMDS	ENSG00000112699	OK
Revival_revSC_Ayyaz2019	SLC12A2	ENSG00000064651	OK
Revival_revSC_Ayyaz2019	FBXO28	ENSG00000143756	OK
Revival_revSC_Ayyaz2019	RPS4X	ENSG00000198034	OK
Revival_revSC_Ayyaz2019	IIGP1		UNMAPPED
Revival_revSC_Ayyaz2019	NEK7	ENSG00000151414	OK
Revival_revSC_Ayyaz2019	FAM3A	ENSG00000071889	OK
Revival_revSC_Ayyaz2019	RBMX2	ENSG00000134597	OK
Revival_revSC_Ayyaz2019	CD44	ENSG00000026508	OK
Revival_revSC_Ayyaz2019	RBP1	ENSG00000114115	OK
Revival_revSC_Ayyaz2019	PLEKHG3	ENSG00000126822	OK
Revival_revSC_Ayyaz2019	CDC42BPG	ENSG00000171219	OK
Revival_revSC_Ayyaz2019	TMED5	ENSG00000117500	OK
Revival_revSC_Ayyaz2019	KRT18	ENSG00000111057	OK
Revival_revSC_Ayyaz2019	EEF1G	ENSG00000254772	OK
Revival_revSC_Ayyaz2019	MRS2	ENSG00000124532	OK
Revival_revSC_Ayyaz2019	RPS21	ENSG00000171858	OK
Revival_revSC_Ayyaz2019	PPIA	ENSG00000196262	OK
Revival_revSC_Ayyaz2019	PUM2	ENSG00000055917	OK
Revival_revSC_Ayyaz2019	VANGL1	ENSG00000173218	OK
Revival_revSC_Ayyaz2019	TEX30	ENSG00000151287	OK
Revival_revSC_Ayyaz2019	FAF2	ENSG00000113194	OK
Revival_revSC_Ayyaz2019	UBE2C	ENSG00000175063	OK
Revival_revSC_Ayyaz2019	HK2	ENSG00000159399	OK
Revival_revSC_Ayyaz2019	SDC1	ENSG00000115884	OK
Revival_revSC_Ayyaz2019	CALM2	ENSG00000143933	OK
Revival_revSC_Ayyaz2019	SMIM15	ENSG00000188725	OK
Revival_revSC_Ayyaz2019	CARMIL1	ENSG00000079691	OK
Revival_revSC_Ayyaz2019	BAIAP2	ENSG00000175866	OK
Revival_revSC_Ayyaz2019	RTN4	ENSG00000115310	OK
Revival_revSC_Ayyaz2019	PSCA	ENSG00000167653	OK
Revival_revSC_Ayyaz2019	CLDN4	ENSG00000189143	OK
Revival_revSC_Ayyaz2019	DNAJC15	ENSG00000120675	OK
Revival_revSC_Ayyaz2019	SETD6	ENSG00000103037	OK
Revival_revSC_Ayyaz2019	TAOK1	ENSG00000160551	OK
Revival_revSC_Ayyaz2019	IL1RN	ENSG00000136689	OK
Revival_revSC_Ayyaz2019	TPM4	ENSG00000167460	OK
Revival_revSC_Ayyaz2019	PRC1	ENSG00000198901	OK
Revival_revSC_Ayyaz2019	TUBA1A	ENSG00000167552	OK
Revival_revSC_Ayyaz2019	CACYBP	ENSG00000116161	OK
Revival_revSC_Ayyaz2019	LAGE3	ENSG00000196976	OK
Revival_revSC_Ayyaz2019	RHAG	ENSG00000112077	OK
Revival_revSC_Ayyaz2019	BRCC3	ENSG00000185515	OK
Revival_revSC_Ayyaz2019	CTSH	ENSG00000103811	OK
Revival_revSC_Ayyaz2019	SAT1	ENSG00000130066	OK
Revival_revSC_Ayyaz2019	TMSB4X	ENSG00000205542	OK
Revival_revSC_Ayyaz2019	LSS	ENSG00000160285;ENSG00000281289	MULTI
Revival_revSC_Ayyaz2019	PERP	ENSG00000112378	OK
Revival_revSC_Ayyaz2019	CFAP20	ENSG00000070761	OK
Revival_revSC_Ayyaz2019	SRP19	ENSG00000153037	OK
Revival_revSC_Ayyaz2019	TMEM63B	ENSG00000137216	OK
Revival_revSC_Ayyaz2019	TNIP3	ENSG00000050730	OK
Revival_revSC_Ayyaz2019	NOP58	ENSG00000055044	OK
Revival_revSC_Ayyaz2019	PSRC1	ENSG00000134222	OK
Revival_revSC_Ayyaz2019	RPL12	ENSG00000197958	OK
Revival_revSC_Ayyaz2019	GNL3	ENSG00000163938	OK
Revival_revSC_Ayyaz2019	ABCC3	ENSG00000108846	OK
Revival_revSC_Ayyaz2019	GPSM2	ENSG00000121957	OK
Revival_revSC_Ayyaz2019	CNOT4	ENSG00000080802	OK
Revival_revSC_Ayyaz2019	CDC25A	ENSG00000164045	OK
Revival_revSC_Ayyaz2019	ANXA1	ENSG00000135046	OK
Revival_revSC_Ayyaz2019	PBDC1	ENSG00000102390	OK
Revival_revSC_Ayyaz2019	SENP2	ENSG00000163904	OK
Revival_revSC_Ayyaz2019	RPS29	ENSG00000213741	OK
Revival_revSC_Ayyaz2019	MDM2	ENSG00000135679	OK
Revival_revSC_Ayyaz2019	MATR3	ENSG00000015479	OK
Revival_revSC_Ayyaz2019	PJA2	ENSG00000198961	OK
Revival_revSC_Ayyaz2019	LEPROTL1	ENSG00000104660	OK
Revival_revSC_Ayyaz2019	PFDN2	ENSG00000143256	OK
Revival_revSC_Ayyaz2019	PRKAA1	ENSG00000132356	OK
Revival_revSC_Ayyaz2019	VWA5A	ENSG00000110002	OK
Revival_revSC_Ayyaz2019	SSR3	ENSG00000114850	OK
Revival_revSC_Ayyaz2019	HES1	ENSG00000114315	OK
Revival_revSC_Ayyaz2019	CCT3	ENSG00000163468	OK
Revival_revSC_Ayyaz2019	RPL18A	ENSG00000105640	OK
Revival_revSC_Ayyaz2019	NSMCE2	ENSG00000156831	OK
Revival_revSC_Ayyaz2019	RPS27L	ENSG00000185088	OK
Revival_revSC_Ayyaz2019	EEF1B2	ENSG00000114942;ENSG00000283391	MULTI
Revival_revSC_Ayyaz2019	UBE2A	ENSG00000077721	OK
Revival_revSC_Ayyaz2019	FLRT3	ENSG00000125848	OK
Revival_revSC_Ayyaz2019	BASP1	ENSG00000176788	OK
Revival_revSC_Ayyaz2019	RACK1	ENSG00000204628	OK
Revival_revSC_Ayyaz2019	TOMM7	ENSG00000196683	OK
Revival_revSC_Ayyaz2019	HSP90AB1	ENSG00000096384	OK
Revival_revSC_Ayyaz2019	COPS5	ENSG00000121022	OK
Revival_revSC_Ayyaz2019	GBP8		UNMAPPED
Revival_revSC_Ayyaz2019	MRPL9	ENSG00000143436	OK
Revival_revSC_Ayyaz2019	NME1	ENSG00000239672	OK
Revival_revSC_Ayyaz2019	ARPC4	ENSG00000241553	OK
Revival_revSC_Ayyaz2019	RFC3	ENSG00000133119	OK
Revival_revSC_Ayyaz2019	PPEF1	ENSG00000086717	OK
Revival_revSC_Ayyaz2019	JUP	ENSG00000173801	OK
Revival_revSC_Ayyaz2019	ARID4A	ENSG00000032219	OK
Revival_revSC_Ayyaz2019	NAXE	ENSG00000163382	OK
Revival_revSC_Ayyaz2019	TPP2	ENSG00000134900	OK
Revival_revSC_Ayyaz2019	GAS5	ENSG00000234741	OK
Revival_revSC_Ayyaz2019	AP1G1	ENSG00000166747	OK
Revival_revSC_Ayyaz2019	ATF2	ENSG00000115966	OK
Revival_revSC_Ayyaz2019	HMGCS1	ENSG00000112972	OK
Revival_revSC_Ayyaz2019	RPL36A	ENSG00000241343	OK
Revival_revSC_Ayyaz2019	TMPO	ENSG00000120802	OK
Revival_revSC_Ayyaz2019	RPS26	ENSG00000197728	OK
Revival_revSC_Ayyaz2019	S100A11	ENSG00000163191	OK
Revival_revSC_Ayyaz2019	FOXP1	ENSG00000114861	OK
Revival_revSC_Ayyaz2019	RPL23	ENSG00000125691	OK
Revival_revSC_Ayyaz2019	RPS28	ENSG00000233927	OK
Revival_revSC_Ayyaz2019	RIPK4	ENSG00000183421	OK
Revival_revSC_Ayyaz2019	CAPZA2	ENSG00000198898	OK
Revival_revSC_Ayyaz2019	IRF6	ENSG00000117595	OK
Revival_revSC_Ayyaz2019	ARPC3	ENSG00000111229	OK
Revival_revSC_Ayyaz2019	DDHD1	ENSG00000100523	OK
Revival_revSC_Ayyaz2019	RMI1	ENSG00000178966	OK
Revival_revSC_Ayyaz2019	S100A6	ENSG00000197956	OK
Revival_revSC_Ayyaz2019	RBBP7	ENSG00000102054	OK
Revival_revSC_Ayyaz2019	DLG1	ENSG00000075711	OK
Revival_revSC_Ayyaz2019	RPS24	ENSG00000138326	OK
Revival_revSC_Ayyaz2019	CXCL10	ENSG00000169245	OK
Revival_revSC_Ayyaz2019	PARP11	ENSG00000111224	OK
Revival_revSC_Ayyaz2019	NAPG	ENSG00000134265	OK
Revival_revSC_Ayyaz2019	RPS15	ENSG00000115268	OK
Revival_revSC_Ayyaz2019	WSB1	ENSG00000109046	OK
Revival_revSC_Ayyaz2019	FERMT1	ENSG00000101311	OK
Revival_revSC_Ayyaz2019	RPS17	ENSG00000182774;ENSG00000278229	MULTI
Revival_revSC_Ayyaz2019	WDR26	ENSG00000162923	OK
Revival_revSC_Ayyaz2019	SOX4	ENSG00000124766	OK
Revival_revSC_Ayyaz2019	DEGS1	ENSG00000143753	OK
Revival_revSC_Ayyaz2019	RPS11	ENSG00000142534	OK
Revival_revSC_Ayyaz2019	SLBP	ENSG00000163950	OK
Revival_revSC_Ayyaz2019	DCTN6	ENSG00000104671	OK
Revival_revSC_Ayyaz2019	TRIM7	ENSG00000146054	OK
Revival_revSC_Ayyaz2019	PURB	ENSG00000146676	OK
Revival_revSC_Ayyaz2019	APLP2	ENSG00000084234	OK
Revival_revSC_Ayyaz2019	PLEKHH1	ENSG00000054690	OK
Revival_revSC_Ayyaz2019	FAM98A	ENSG00000119812	OK
Revival_revSC_Ayyaz2019	BNIP3L	ENSG00000104765	OK
Revival_revSC_Ayyaz2019	RPS19	ENSG00000105372	OK
Revival_revSC_Ayyaz2019	RANBP1	ENSG00000099901	OK
Revival_revSC_Ayyaz2019	BIRC3	ENSG00000023445	OK
Revival_revSC_Ayyaz2019	CHRNB1	ENSG00000170175;ENSG00000283946	MULTI
Revival_revSC_Ayyaz2019	RPS23	ENSG00000186468	OK
Revival_revSC_Ayyaz2019	ATP6V1B2	ENSG00000147416	OK
Revival_revSC_Ayyaz2019	ZFP706		UNMAPPED
Revival_revSC_Ayyaz2019	CSDE1	ENSG00000009307	OK
Revival_revSC_Ayyaz2019	BC064078		UNMAPPED
Revival_revSC_Ayyaz2019	ARFGEF2	ENSG00000124198	OK
Revival_revSC_Ayyaz2019	MKRN2OS	ENSG00000225526	OK
Revival_revSC_Ayyaz2019	PRELID3B	ENSG00000101166	OK
Revival_revSC_Ayyaz2019	PRPS2	ENSG00000101911	OK
Revival_revSC_Ayyaz2019	ITGA6	ENSG00000091409	OK
Revival_revSC_Ayyaz2019	NOP2	ENSG00000111641	OK
Revival_revSC_Ayyaz2019	XPO5	ENSG00000124571	OK
Revival_revSC_Ayyaz2019	CYP51		UNMAPPED
Revival_revSC_Ayyaz2019	RPS25	ENSG00000118181;ENSG00000280831	MULTI
Revival_revSC_Ayyaz2019	DDX18	ENSG00000088205	OK
Revival_revSC_Ayyaz2019	LSM11	ENSG00000155858	OK
Revival_revSC_Ayyaz2019	JADE1	ENSG00000077684	OK
Revival_revSC_Ayyaz2019	HSP90AA1	ENSG00000080824	OK
Revival_revSC_Ayyaz2019	BRIX1	ENSG00000113460	OK
Revival_revSC_Ayyaz2019	SPTBN1	ENSG00000115306	OK
Revival_revSC_Ayyaz2019	OLFR1318		UNMAPPED
Revival_revSC_Ayyaz2019	CTSD	ENSG00000117984	OK
Revival_revSC_Ayyaz2019	SIVA1	ENSG00000184990	OK
Revival_revSC_Ayyaz2019	CYLD	ENSG00000083799	OK
Revival_revSC_Ayyaz2019	RPS3A3		UNMAPPED
Revival_revSC_Ayyaz2019	MARVELD3	ENSG00000140832	OK
Revival_revSC_Ayyaz2019	RWDD1	ENSG00000111832	OK
Revival_revSC_Ayyaz2019	SOWAHB	ENSG00000186212	OK
Revival_revSC_Ayyaz2019	SOX9	ENSG00000125398	OK
Revival_revSC_Ayyaz2019	KRT19	ENSG00000171345	OK
Revival_revSC_Ayyaz2019	ABRACL	ENSG00000146386	OK
Revival_revSC_Ayyaz2019	TMEM43	ENSG00000170876	OK
Revival_revSC_Ayyaz2019	MVP	ENSG00000013364	OK
Revival_revSC_Ayyaz2019	RTF2	ENSG00000022277	OK
Revival_revSC_Ayyaz2019	SELENOI	ENSG00000138018	OK
Revival_revSC_Ayyaz2019	SH3GLB1	ENSG00000097033	OK
Revival_revSC_Ayyaz2019	CD2AP	ENSG00000198087	OK
Revival_revSC_Ayyaz2019	FOS	ENSG00000170345	OK
Revival_revSC_Ayyaz2019	ZFP36L1	ENSG00000185650	OK
Revival_revSC_Ayyaz2019	TRIM41	ENSG00000146063	OK
Revival_revSC_Ayyaz2019	ATRX	ENSG00000085224	OK
Revival_revSC_Ayyaz2019	TJP2	ENSG00000119139	OK
Revival_revSC_Ayyaz2019	TM4SF4	ENSG00000169903	OK
Revival_revSC_Ayyaz2019	PCGF6	ENSG00000156374	OK
Revival_revSC_Ayyaz2019	PABPN1	ENSG00000100836	OK
Revival_revSC_Ayyaz2019	ARCN1	ENSG00000095139	OK
Revival_revSC_Ayyaz2019	HNRNPK	ENSG00000165119	OK
Revival_revSC_Ayyaz2019	R3HDM4	ENSG00000198858	OK
Revival_revSC_Ayyaz2019	IGBP1	ENSG00000089289	OK
Revival_revSC_Ayyaz2019	MSL3	ENSG00000005302	OK
Revival_revSC_Ayyaz2019	TSN	ENSG00000211460	OK
Revival_revSC_Ayyaz2019	STXBP3	ENSG00000116266	OK
Revival_revSC_Ayyaz2019	MBOAT1	ENSG00000172197	OK
Revival_revSC_Ayyaz2019	CASP1	ENSG00000137752	OK
Revival_revSC_Ayyaz2019	FAM135A	ENSG00000082269	OK
Revival_revSC_Ayyaz2019	LRP12	ENSG00000147650	OK
Revival_revSC_Ayyaz2019	USP22	ENSG00000124422	OK
Revival_revSC_Ayyaz2019	CXCL16	ENSG00000161921	OK
Revival_revSC_Ayyaz2019	MRPL43	ENSG00000055950	OK
Revival_revSC_Ayyaz2019	ONECUT2	ENSG00000119547	OK
Revival_revSC_Ayyaz2019	LAMC2	ENSG00000058085	OK
Revival_revSC_Ayyaz2019	ABI1	ENSG00000136754	OK
Revival_revSC_Ayyaz2019	AHNAK	ENSG00000124942	OK
Revival_revSC_Ayyaz2019	MOB1A	ENSG00000114978	OK
Revival_revSC_Ayyaz2019	CNBP	ENSG00000169714	OK
Revival_revSC_Ayyaz2019	MRPL17	ENSG00000158042	OK
Revival_revSC_Ayyaz2019	ADAM10	ENSG00000137845	OK
Revival_revSC_Ayyaz2019	PPP1R7	ENSG00000115685	OK
Revival_revSC_Ayyaz2019	CHRAC1	ENSG00000104472	OK
Revival_revSC_Ayyaz2019	GT(ROSA)26SOR		UNMAPPED
Revival_revSC_Ayyaz2019	SMARCC1	ENSG00000173473	OK
Revival_revSC_Ayyaz2019	EIF1	ENSG00000173812	OK
Revival_revSC_Ayyaz2019	CREB1	ENSG00000118260	OK
Revival_revSC_Ayyaz2019	MRPL18	ENSG00000112110	OK
Revival_revSC_Ayyaz2019	HNRNPDL	ENSG00000152795	OK
Revival_revSC_Ayyaz2019	TAB3	ENSG00000157625	OK
Revival_revSC_Ayyaz2019	FSD1	ENSG00000105255	OK
Revival_revSC_Ayyaz2019	EIF3A	ENSG00000107581	OK
Revival_revSC_Ayyaz2019	CCDC71L	ENSG00000253276	OK
Revival_revSC_Ayyaz2019	KDM5A	ENSG00000073614	OK
Revival_revSC_Ayyaz2019	DDX5	ENSG00000108654	OK
Revival_revSC_Ayyaz2019	STX7	ENSG00000079950	OK
Revival_revSC_Ayyaz2019	RIC1	ENSG00000107036	OK
Revival_revSC_Ayyaz2019	TUT7	ENSG00000083223	OK
Revival_revSC_Ayyaz2019	UBQLN1	ENSG00000135018	OK
Revival_revSC_Ayyaz2019	YTHDF3	ENSG00000185728	OK
Revival_revSC_Ayyaz2019	ZFP326		UNMAPPED
Revival_revSC_Ayyaz2019	EXOC1	ENSG00000090989	OK
Revival_revSC_Ayyaz2019	SREK1IP1	ENSG00000153006	OK
Revival_revSC_Ayyaz2019	RPL32	ENSG00000144713	OK
Revival_revSC_Ayyaz2019	MYOF	ENSG00000138119	OK
Revival_revSC_Ayyaz2019	RPL31	ENSG00000071082	OK
Revival_revSC_Ayyaz2019	ITGAV	ENSG00000138448	OK
Revival_revSC_Ayyaz2019	ATP5G1		UNMAPPED
Revival_revSC_Ayyaz2019	SNX3	ENSG00000112335	OK
Revival_revSC_Ayyaz2019	NCKAP1	ENSG00000061676	OK
Revival_revSC_Ayyaz2019	VPS41	ENSG00000006715	OK
Revival_revSC_Ayyaz2019	DCTN2	ENSG00000175203	OK
Revival_revSC_Ayyaz2019	BCAP31	ENSG00000185825	OK
Revival_revSC_Ayyaz2019	PABPC1	ENSG00000070756	OK
Revival_revSC_Ayyaz2019	RBPJ	ENSG00000168214	OK
Revival_revSC_Ayyaz2019	SLC35G1	ENSG00000176273	OK
Revival_revSC_Ayyaz2019	DDX17	ENSG00000100201	OK
Revival_revSC_Ayyaz2019	MAPRE1	ENSG00000101367	OK
Revival_revSC_Ayyaz2019	DIP2C	ENSG00000151240	OK
Revival_revSC_Ayyaz2019	CELF1	ENSG00000149187	OK
Revival_revSC_Ayyaz2019	PPIC	ENSG00000168938	OK
Revival_revSC_Ayyaz2019	NUCKS1	ENSG00000069275	OK
Revival_revSC_Ayyaz2019	FNBP1L	ENSG00000137942	OK
Revival_revSC_Ayyaz2019	TSPO	ENSG00000100300	OK
Revival_revSC_Ayyaz2019	MAP3K13	ENSG00000073803	OK
Revival_revSC_Ayyaz2019	ATP1A1	ENSG00000163399	OK
Revival_revSC_Ayyaz2019	FMNL2	ENSG00000157827	OK
Revival_revSC_Ayyaz2019	MITD1	ENSG00000158411	OK
Revival_revSC_Ayyaz2019	NONO	ENSG00000147140	OK
Revival_revSC_Ayyaz2019	SMOX	ENSG00000088826	OK
Revival_revSC_Ayyaz2019	CALCB	ENSG00000175868	OK
Revival_revSC_Ayyaz2019	RPL14	ENSG00000188846	OK
Revival_revSC_Ayyaz2019	TMA7	ENSG00000232112	OK
Revival_revSC_Ayyaz2019	UGDH	ENSG00000109814	OK
Revival_revSC_Ayyaz2019	SPTSSA	ENSG00000165389	OK
Revival_revSC_Ayyaz2019	VMP1	ENSG00000062716;ENSG00000267637	MULTI
Revival_revSC_Ayyaz2019	F11R	ENSG00000158769	OK
Revival_revSC_Ayyaz2019	DPYSL3	ENSG00000113657	OK
Revival_revSC_Ayyaz2019	CCDC82	ENSG00000149231	OK
Revival_revSC_Ayyaz2019	SLC4A4	ENSG00000080493	OK
Revival_revSC_Ayyaz2019	CAPNS1	ENSG00000126247	OK
Revival_revSC_Ayyaz2019	YWHAB	ENSG00000166913	OK
Revival_revSC_Ayyaz2019	PRPSAP1	ENSG00000161542	OK
Revival_revSC_Ayyaz2019	GLT8D1	ENSG00000016864	OK
Revival_revSC_Ayyaz2019	MBNL1	ENSG00000152601	OK
Revival_revSC_Ayyaz2019	ALDH6A1	ENSG00000119711	OK
Revival_revSC_Ayyaz2019	TWF1	ENSG00000151239	OK
Revival_revSC_Ayyaz2019	RBM25	ENSG00000119707	OK
Revival_revSC_Ayyaz2019	ATP11B	ENSG00000058063	OK
Revival_revSC_Ayyaz2019	S100A16	ENSG00000188643	OK
Revival_revSC_Ayyaz2019	ARHGEF28	ENSG00000214944	OK
Revival_revSC_Ayyaz2019	HMGCR	ENSG00000113161	OK
Revival_revSC_Ayyaz2019	KTN1	ENSG00000126777	OK
Revival_revSC_Ayyaz2019	SENP6	ENSG00000112701	OK
Revival_revSC_Ayyaz2019	DDX3X	ENSG00000215301	OK
Revival_revSC_Ayyaz2019	ZFHX3	ENSG00000140836	OK
Revival_revSC_Ayyaz2019	HDAC2	ENSG00000196591	OK
Revival_revSC_Ayyaz2019	H2-AB1		UNMAPPED
Revival_revSC_Ayyaz2019	TNFAIP1	ENSG00000109079	OK
Revival_revSC_Ayyaz2019	NAT2	ENSG00000156006	OK
Revival_revSC_Ayyaz2019	PSMA3	ENSG00000100567	OK
Revival_revSC_Ayyaz2019	ARF1	ENSG00000143761	OK
Revival_revSC_Ayyaz2019	DSG2	ENSG00000046604	OK
Revival_revSC_Ayyaz2019	ARHGAP12	ENSG00000165322	OK
Revival_revSC_Ayyaz2019	TANC1	ENSG00000115183	OK
Revival_revSC_Ayyaz2019	GSR	ENSG00000104687	OK
Revival_revSC_Ayyaz2019	GIGYF2	ENSG00000204120	OK
Revival_revSC_Ayyaz2019	AREG	ENSG00000109321	OK
Revival_revSC_Ayyaz2019	H13		UNMAPPED
Revival_revSC_Ayyaz2019	KMT5B	ENSG00000110066	OK
Revival_revSC_Ayyaz2019	SERINC1	ENSG00000111897	OK
Revival_revSC_Ayyaz2019	MBNL2	ENSG00000139793	OK
Revival_revSC_Ayyaz2019	LUC7L3	ENSG00000108848	OK
Revival_revSC_Ayyaz2019	SWT1	ENSG00000116668	OK
Revival_revSC_Ayyaz2019	EPHA4	ENSG00000116106	OK
Revival_revSC_Ayyaz2019	PPFIBP2	ENSG00000166387	OK
Revival_revSC_Ayyaz2019	EDF1	ENSG00000107223	OK
Revival_revSC_Ayyaz2019	CLCA4B		UNMAPPED
Revival_revSC_Ayyaz2019	USP7	ENSG00000187555	OK
Revival_revSC_Ayyaz2019	TPMT	ENSG00000137364	OK
Revival_revSC_Ayyaz2019	MORF4L1	ENSG00000185787	OK
Revival_revSC_Ayyaz2019	ANP32E	ENSG00000143401	OK
Revival_revSC_Ayyaz2019	TIMM17A	ENSG00000134375	OK
Revival_revSC_Ayyaz2019	EIF5	ENSG00000100664	OK
Revival_revSC_Ayyaz2019	EIF2S2	ENSG00000125977	OK
Revival_revSC_Ayyaz2019	CYB561	ENSG00000008283	OK
Revival_revSC_Ayyaz2019	QRICH1	ENSG00000198218	OK
Revival_revSC_Ayyaz2019	BUD23	ENSG00000071462	OK
Revival_revSC_Ayyaz2019	PEX19	ENSG00000162735	OK
Revival_revSC_Ayyaz2019	LXN	ENSG00000079257	OK
Revival_revSC_Ayyaz2019	TPM3	ENSG00000143549	OK
Revival_revSC_Ayyaz2019	ACTG1	ENSG00000184009;ENSG00000291420	MULTI
Revival_revSC_Ayyaz2019	SELENOP	ENSG00000250722	OK
CBC_crypt_base_columnar	LGR5	ENSG00000139292	OK
CBC_crypt_base_columnar	OLFM4	ENSG00000102837	OK
CBC_crypt_base_columnar	ASCL2	ENSG00000183734	OK
CBC_crypt_base_columnar	SMOC2	ENSG00000112562	OK
CBC_crypt_base_columnar	RNF43	ENSG00000108375	OK
CBC_crypt_base_columnar	AXIN2	ENSG00000168646	OK
CBC_crypt_base_columnar	EPHB2	ENSG00000133216	OK
CBC_crypt_base_columnar	TNFRSF19	ENSG00000127863	OK
CBC_crypt_base_columnar	SLC12A2	ENSG00000064651	OK
