IBD_UC_epithelial_up_Smillie2019,Fetal_intestinal_Mustata2013,MYC_targets_Hallmark_V1_V2,Revival_revSC_Ayyaz2019,CBC_crypt_base_columnar
ENSG00000268104,ENSG00000118785,ENSG00000164163,ENSG00000123737,ENSG00000139292
ENSG00000137673,ENSG00000152661,ENSG00000143727,ENSG00000167842,ENSG00000102837
ENSG00000050730,ENSG00000118523,ENSG00000106305,ENSG00000078124,ENSG00000183734
ENSG00000186417,ENSG00000176788,ENSG00000177879,ENSG00000169474,ENSG00000112562
ENSG00000165376,ENSG00000184292,ENSG00000100823,ENSG00000115009,ENSG00000108375
ENSG00000187258,ENSG00000133661,ENSG00000154473,ENSG00000244094,ENSG00000168646
ENSG00000128714,ENSG00000172005,ENSG00000108561,ENSG00000117519,ENSG00000133216
ENSG00000198535,ENSG00000120885,ENSG00000084774,ENSG00000187908,ENSG00000127863
ENSG00000099769,ENSG00000101443,ENSG00000127022,ENSG00000137673,ENSG00000064651
ENSG00000101958,ENSG00000102854,ENSG00000122565,ENSG00000166068,
ENSG00000215182,ENSG00000101842,ENSG00000145386,ENSG00000117525,
ENSG00000198959,ENSG00000176014,ENSG00000166226,ENSG00000147400,
ENSG00000094755,ENSG00000182809,ENSG00000163468,ENSG00000167088,
ENSG00000140274,ENSG00000135046,ENSG00000115484,ENSG00000142089,
ENSG00000134824,ENSG00000187498,ENSG00000150753,ENSG00000168209,
ENSG00000170561,ENSG00000137033,ENSG00000135624,ENSG00000102218,
ENSG00000112299,ENSG00000169474,ENSG00000117399,ENSG00000164167,
ENSG00000151023,ENSG00000134871,ENSG00000093009,ENSG00000085377,
ENSG00000144452,ENSG00000170477,ENSG00000123374,ENSG00000069248,
ENSG00000134827,ENSG00000163453,ENSG00000135446,ENSG00000138182,
ENSG00000138798,ENSG00000170776,ENSG00000074201,ENSG00000108244,
ENSG00000206075,ENSG00000196542,ENSG00000169714,ENSG00000186063,
ENSG00000137261,ENSG00000249751,ENSG00000121022,ENSG00000173726,
ENSG00000189280,ENSG00000163207,ENSG00000178741,ENSG00000135480,
ENSG00000131203,ENSG00000169605,ENSG00000101811,ENSG00000131620,
ENSG00000171711,ENSG00000140945,ENSG00000171793,ENSG00000138101,
ENSG00000221947,ENSG00000158715,ENSG00000055130,ENSG00000010278,
ENSG00000185479,ENSG00000184349,ENSG00000179091,ENSG00000116906,
ENSG00000148965,ENSG00000265190,ENSG00000088205,ENSG00000111716,
ENSG00000206468,ENSG00000005187,ENSG00000165732,ENSG00000088986,
ENSG00000189433,ENSG00000168938,ENSG00000124795,ENSG00000187514,
ENSG00000249992,ENSG00000138772,ENSG00000109606,ENSG00000173933,
ENSG00000128918,ENSG00000131080,ENSG00000128951,ENSG00000170234,
ENSG00000115919,ENSG00000197956,ENSG00000114942,ENSG00000148735,
ENSG00000163220,ENSG00000115380,ENSG00000173674,ENSG00000102024,
ENSG00000272031,ENSG00000145358,ENSG00000134001,ENSG00000089356,
ENSG00000139515,ENSG00000162366,ENSG00000125977,ENSG00000172795,
ENSG00000187144,ENSG00000167656,ENSG00000106263,ENSG00000186832,
ENSG00000112183,ENSG00000162511,ENSG00000100353,ENSG00000110042,
ENSG00000070190,ENSG00000148735,ENSG00000104131,ENSG00000180182,
ENSG00000173432,ENSG00000171004,ENSG00000161960,ENSG00000184840,
ENSG00000069011,ENSG00000088836,ENSG00000151247,ENSG00000075420,
ENSG00000187045,ENSG00000109846,ENSG00000110321,ENSG00000120885,
ENSG00000134339,ENSG00000147010,ENSG00000106682,ENSG00000126016,
ENSG00000151883,ENSG00000203727,ENSG00000136628,ENSG00000007062,
ENSG00000144057,ENSG00000174307,ENSG00000100632,ENSG00000147050,
ENSG00000157110,ENSG00000135480,ENSG00000120705,ENSG00000029993,
ENSG00000163993,ENSG00000136689,ENSG00000075914,ENSG00000078401,
ENSG00000126583,ENSG00000110092,ENSG00000048828,ENSG00000151883,
ENSG00000166396,ENSG00000176920,ENSG00000105202,ENSG00000104361,
ENSG00000140254,ENSG00000011422,ENSG00000145907,ENSG00000005700,
ENSG00000169248,ENSG00000149043,ENSG00000124767,ENSG00000116406,
ENSG00000138759,ENSG00000088726,ENSG00000163938,ENSG00000119929,
ENSG00000140279,ENSG00000184489,ENSG00000125166,ENSG00000138035,
ENSG00000147689,ENSG00000176153,ENSG00000103342,ENSG00000118971,
ENSG00000088992,ENSG00000178597,ENSG00000164032,ENSG00000006451,
ENSG00000112186,ENSG00000163191,ENSG00000196591,ENSG00000184675,
ENSG00000128578,ENSG00000167653,ENSG00000111906,ENSG00000173320,
ENSG00000261857,ENSG00000125285,ENSG00000143321,ENSG00000253352,
ENSG00000101144,ENSG00000164687,ENSG00000135486,ENSG00000206075,
ENSG00000005001,ENSG00000182871,ENSG00000122566,ENSG00000173674,
ENSG00000143546,ENSG00000170458,ENSG00000170144,ENSG00000011422,
ENSG00000112981,ENSG00000100417,ENSG00000092199,ENSG00000100749,
ENSG00000175426,ENSG00000145632,ENSG00000138668,ENSG00000187079,
ENSG00000169896,ENSG00000169583,ENSG00000125944,ENSG00000013275,
ENSG00000172016,ENSG00000184454,ENSG00000153187,ENSG00000120129,
ENSG00000069482,ENSG00000124882,ENSG00000165704,ENSG00000059915,
ENSG00000135472,ENSG00000090339,ENSG00000096384,ENSG00000143507,
ENSG00000128591,ENSG00000089356,ENSG00000144381,ENSG00000165516,
ENSG00000170571,ENSG00000113328,ENSG00000115541,ENSG00000171150,
ENSG00000107130,ENSG00000153250,ENSG00000196305,ENSG00000112699,
ENSG00000102265,ENSG00000116985,ENSG00000006652,ENSG00000064651,
ENSG00000159182,ENSG00000182050,ENSG00000143621,ENSG00000143756,
ENSG00000169047,ENSG00000121039,ENSG00000178035,ENSG00000198034,
ENSG00000165695,ENSG00000154380,ENSG00000065427,ENSG00000151414,
ENSG00000110944,ENSG00000112299,ENSG00000182481,ENSG00000071889,
ENSG00000230724,ENSG00000116106,ENSG00000108424,ENSG00000134597,
ENSG00000133962,ENSG00000131435,ENSG00000134333,ENSG00000026508,
ENSG00000122863,ENSG00000204136,ENSG00000172850,ENSG00000114115,
ENSG00000197893,ENSG00000130598,ENSG00000130332,ENSG00000126822,
ENSG00000115414,ENSG00000137331,ENSG00000164109,ENSG00000171219,
ENSG00000118596,ENSG00000139278,ENSG00000073111,ENSG00000117500,
ENSG00000159184,ENSG00000163701,ENSG00000104738,ENSG00000111057,
ENSG00000166278,ENSG00000184330,ENSG00000100297,ENSG00000254772,
ENSG00000134193,ENSG00000139531,ENSG00000076003,ENSG00000124532,
ENSG00000170786,ENSG00000005001,ENSG00000166508,ENSG00000171858,
ENSG00000163739,ENSG00000000003,ENSG00000214026,ENSG00000196262,
ENSG00000160182,ENSG00000131746,ENSG00000143436,ENSG00000055917,
ENSG00000204359,ENSG00000189334,ENSG00000203624,ENSG00000173218,
ENSG00000115009,ENSG00000058085,ENSG00000136997,ENSG00000151287,
ENSG00000188257,ENSG00000143369,ENSG00000187109,ENSG00000113194,
ENSG00000100342,ENSG00000136155,ENSG00000136937,ENSG00000175063,
ENSG00000156966,ENSG00000021762,ENSG00000114503,ENSG00000159399,
ENSG00000090382,ENSG00000136869,ENSG00000004779,ENSG00000115884,
ENSG00000077157,ENSG00000035862,ENSG00000145912,ENSG00000143933,
ENSG00000124102,ENSG00000183479,ENSG00000239672,ENSG00000188725,
ENSG00000205277,ENSG00000171766,ENSG00000166197,ENSG00000079691,
ENSG00000133710,ENSG00000174963,ENSG00000048162,ENSG00000175866,
ENSG00000196188,ENSG00000188042,ENSG00000101361,ENSG00000115310,
ENSG00000204257,ENSG00000018408,ENSG00000181163,ENSG00000167653,
ENSG00000186188,ENSG00000161798,ENSG00000115758,ENSG00000189143,
ENSG00000110080,ENSG00000162909,ENSG00000115942,ENSG00000120675,
ENSG00000160408,ENSG00000103540,ENSG00000170515,ENSG00000103037,
ENSG00000102837,ENSG00000213853,ENSG00000070756,ENSG00000160551,
ENSG00000138449,ENSG00000125257,ENSG00000090621,ENSG00000136689,
ENSG00000109610,ENSG00000114378,ENSG00000169564,ENSG00000167460,
ENSG00000148346,ENSG00000114446,ENSG00000132646,ENSG00000198901,
ENSG00000147168,ENSG00000145832,ENSG00000102144,ENSG00000167552,
ENSG00000183778,ENSG00000134222,ENSG00000167085,ENSG00000116161,
ENSG00000163191,ENSG00000129353,ENSG00000215021,ENSG00000196976,
,ENSG00000204388,ENSG00000106628,ENSG00000112077,
,ENSG00000118898,ENSG00000148229,ENSG00000185515,
,ENSG00000170430,ENSG00000196262,ENSG00000103811,
,ENSG00000129226,ENSG00000115241,ENSG00000130066,
,ENSG00000161921,ENSG00000165672,ENSG00000205542,
,ENSG00000171631,ENSG00000123131,ENSG00000160285,
,ENSG00000153904,ENSG00000105618,ENSG00000112378,
,ENSG00000124225,ENSG00000101911,ENSG00000070761,
,ENSG00000187210,ENSG00000129084,ENSG00000153037,
,ENSG00000128849,ENSG00000106588,ENSG00000137216,
,ENSG00000134531,ENSG00000041357,ENSG00000050730,
,ENSG00000176720,ENSG00000100902,ENSG00000055044,
,ENSG00000145103,ENSG00000101182,ENSG00000134222,
,ENSG00000136002,ENSG00000126067,ENSG00000197958,
,ENSG00000163947,ENSG00000275903,ENSG00000163938,
,ENSG00000147065,ENSG00000013275,ENSG00000108846,
,ENSG00000169738,ENSG00000100519,ENSG00000121957,
,ENSG00000132122,ENSG00000173692,ENSG00000080802,
,ENSG00000006740,ENSG00000115233,ENSG00000164045,
,ENSG00000171700,ENSG00000108344,ENSG00000135046,
,ENSG00000196408,ENSG00000103035,ENSG00000102390,
,ENSG00000173218,ENSG00000099341,ENSG00000163904,
,ENSG00000196154,ENSG00000110958,ENSG00000213741,
,ENSG00000214063,ENSG00000136045,ENSG00000135679,
,ENSG00000077585,ENSG00000204628,ENSG00000015479,
,ENSG00000118971,ENSG00000119318,ENSG00000198961,
,ENSG00000133985,ENSG00000132341,ENSG00000104660,
,ENSG00000088356,ENSG00000099901,ENSG00000143256,
,ENSG00000168899,ENSG00000163918,ENSG00000132356,
,ENSG00000197601,ENSG00000188378,ENSG00000110002,
,ENSG00000206075,ENSG00000188846,ENSG00000114850,
,ENSG00000103811,ENSG00000063177,ENSG00000114315,
,ENSG00000198074,ENSG00000116251,ENSG00000163468,
,ENSG00000139998,ENSG00000109475,ENSG00000105640,
,ENSG00000172667,ENSG00000089009,ENSG00000156831,
,ENSG00000124942,ENSG00000089157,ENSG00000185088,
,ENSG00000111057,ENSG00000124614,ENSG00000114942,
,ENSG00000196730,ENSG00000140988,ENSG00000077721,
,ENSG00000132589,ENSG00000149273,ENSG00000125848,
,ENSG00000119986,ENSG00000083845,ENSG00000176788,
,ENSG00000135631,ENSG00000137154,ENSG00000204628,
,ENSG00000170915,ENSG00000167325,ENSG00000196683,
,ENSG00000206072,ENSG00000114767,ENSG00000096384,
,ENSG00000108946,ENSG00000171490,ENSG00000121022,
,ENSG00000053747,ENSG00000183207,ENSG00000143436,
,ENSG00000142910,ENSG00000142864,ENSG00000239672,
,ENSG00000076706,ENSG00000119335,ENSG00000241553,
,ENSG00000050344,ENSG00000099995,ENSG00000133119,
,ENSG00000198478,ENSG00000189091,ENSG00000086717,
,ENSG00000160789,ENSG00000075415,ENSG00000173801,
,ENSG00000010803,ENSG00000173473,ENSG00000032219,
,ENSG00000196923,ENSG00000077312,ENSG00000163382,
,ENSG00000164379,ENSG00000131876,ENSG00000134900,
,ENSG00000140297,ENSG00000125870,ENSG00000234741,
,ENSG00000170876,ENSG00000167088,ENSG00000166747,
,ENSG00000135679,ENSG00000125743,ENSG00000115966,
,ENSG00000075218,ENSG00000100028,ENSG00000112972,
,ENSG00000063660,ENSG00000143977,ENSG00000241343,
,ENSG00000118200,ENSG00000116649,ENSG00000120802,
,ENSG00000106211,ENSG00000096063,ENSG00000197728,
,ENSG00000131037,ENSG00000136450,ENSG00000163191,
,ENSG00000136108,ENSG00000161547,ENSG00000114861,
,ENSG00000167110,ENSG00000112081,ENSG00000125691,
,ENSG00000168615,ENSG00000115875,ENSG00000233927,
,ENSG00000104368,ENSG00000138385,ENSG00000183421,
,ENSG00000151718,ENSG00000106028,ENSG00000198898,
,ENSG00000203485,ENSG00000084090,ENSG00000117595,
,ENSG00000158186,ENSG00000135316,ENSG00000111229,
,ENSG00000198467,ENSG00000120948,ENSG00000100523,
,ENSG00000170175,ENSG00000120438,ENSG00000178966,
,ENSG00000164111,ENSG00000198176,ENSG00000197956,
,ENSG00000106992,ENSG00000154174,ENSG00000102054,
,ENSG00000148704,ENSG00000136527,ENSG00000075711,
,ENSG00000197905,ENSG00000130726,ENSG00000138326,
,ENSG00000143479,ENSG00000178952,ENSG00000169245,
,ENSG00000132470,ENSG00000141759,ENSG00000111224,
,ENSG00000087088,ENSG00000176890,ENSG00000134265,
,ENSG00000120805,ENSG00000160201,ENSG00000115268,
,ENSG00000173156,ENSG00000126261,ENSG00000109046,
,ENSG00000066697,ENSG00000170142,ENSG00000101311,
,ENSG00000102181,ENSG00000185651,ENSG00000182774,
,ENSG00000188883,ENSG00000162607,ENSG00000162923,
,ENSG00000175505,ENSG00000155959,ENSG00000124766,
,ENSG00000115738,ENSG00000213585,ENSG00000143753,
,ENSG00000163069,ENSG00000078668,ENSG00000142534,
,ENSG00000181026,ENSG00000082898,ENSG00000163950,
,ENSG00000114770,ENSG00000184575,ENSG00000104671,
,ENSG00000128591,ENSG00000196419,ENSG00000146054,
,ENSG00000087842,ENSG00000108953,ENSG00000146676,
,ENSG00000147889,ENSG00000134308,ENSG00000084234,
,ENSG00000157827,ENSG00000112578,ENSG00000054690,
,ENSG00000132004,ENSG00000179958,ENSG00000119812,
,ENSG00000026508,ENSG00000158050,ENSG00000104765,
,ENSG00000196950,ENSG00000077348,ENSG00000105372,
,ENSG00000149218,ENSG00000179115,ENSG00000099901,
,ENSG00000172197,ENSG00000105447,ENSG00000023445,
,ENSG00000140859,ENSG00000159399,ENSG00000170175,
,ENSG00000119242,ENSG00000136718,ENSG00000186468,
,ENSG00000143502,ENSG00000196497,ENSG00000147416,
,ENSG00000064666,ENSG00000001497,ENSG00000009307,
,ENSG00000127955,ENSG00000142733,ENSG00000124198,
,ENSG00000041353,ENSG00000124383,ENSG00000225526,
,ENSG00000134198,ENSG00000053372,ENSG00000101166,
,ENSG00000109189,ENSG00000132382,ENSG00000101911,
,ENSG00000175591,ENSG00000123545,ENSG00000091409,
,ENSG00000196352,ENSG00000132603,ENSG00000111641,
,ENSG00000108244,ENSG00000184967,ENSG00000124571,
,ENSG00000148180,ENSG00000111641,ENSG00000118181,
,ENSG00000188643,ENSG00000100029,ENSG00000088205,
,ENSG00000095383,ENSG00000166851,ENSG00000155858,
,ENSG00000137642,ENSG00000142731,ENSG00000077684,
,ENSG00000122642,ENSG00000130810,ENSG00000080824,
,ENSG00000094914,ENSG00000148840,ENSG00000113460,
,ENSG00000049283,ENSG00000185238,ENSG00000115306,
,ENSG00000139926,ENSG00000177192,ENSG00000117984,
,ENSG00000170017,ENSG00000136933,ENSG00000184990,
,ENSG00000108798,ENSG00000120158,ENSG00000083799,
,ENSG00000108641,ENSG00000052749,ENSG00000140832,
,ENSG00000011590,ENSG00000173638,ENSG00000111832,
,ENSG00000188910,ENSG00000174669,ENSG00000186212,
,ENSG00000161714,ENSG00000140263,ENSG00000125398,
,ENSG00000159388,ENSG00000156502,ENSG00000171345,
,ENSG00000117479,ENSG00000136270,ENSG00000146386,
,ENSG00000101187,ENSG00000070814,ENSG00000170876,
,ENSG00000175866,ENSG00000162851,ENSG00000013364,
,ENSG00000134899,ENSG00000109084,ENSG00000022277,
,ENSG00000100439,ENSG00000076248,ENSG00000138018,
,ENSG00000104783,ENSG00000120800,ENSG00000097033,
,ENSG00000139549,ENSG00000163811,ENSG00000198087,
,ENSG00000152056,ENSG00000133316,ENSG00000170345,
,ENSG00000162552,,ENSG00000185650,
,ENSG00000107249,,ENSG00000146063,
,ENSG00000145779,,ENSG00000085224,
,ENSG00000168404,,ENSG00000119139,
,ENSG00000181649,,ENSG00000169903,
,ENSG00000175592,,ENSG00000156374,
,ENSG00000112679,,ENSG00000100836,
,ENSG00000126803,,ENSG00000095139,
,ENSG00000142279,,ENSG00000165119,
,ENSG00000003096,,ENSG00000198858,
,ENSG00000004660,,ENSG00000089289,
,ENSG00000149260,,ENSG00000005302,
,ENSG00000003147,,ENSG00000211460,
,ENSG00000120889,,ENSG00000116266,
,ENSG00000099860,,ENSG00000172197,
,ENSG00000131558,,ENSG00000137752,
,ENSG00000091844,,ENSG00000082269,
,ENSG00000135604,,ENSG00000147650,
,ENSG00000105372,,ENSG00000124422,
,ENSG00000169919,,ENSG00000161921,
,ENSG00000149257,,ENSG00000055950,
,ENSG00000169169,,ENSG00000119547,
,ENSG00000109794,,ENSG00000058085,
,,,ENSG00000136754,
,,,ENSG00000124942,
,,,ENSG00000114978,
,,,ENSG00000169714,
,,,ENSG00000158042,
,,,ENSG00000137845,
,,,ENSG00000115685,
,,,ENSG00000104472,
,,,ENSG00000173473,
,,,ENSG00000173812,
,,,ENSG00000118260,
,,,ENSG00000112110,
,,,ENSG00000152795,
,,,ENSG00000157625,
,,,ENSG00000105255,
,,,ENSG00000107581,
,,,ENSG00000253276,
,,,ENSG00000073614,
,,,ENSG00000108654,
,,,ENSG00000079950,
,,,ENSG00000107036,
,,,ENSG00000083223,
,,,ENSG00000135018,
,,,ENSG00000185728,
,,,ENSG00000090989,
,,,ENSG00000153006,
,,,ENSG00000144713,
,,,ENSG00000138119,
,,,ENSG00000071082,
,,,ENSG00000138448,
,,,ENSG00000112335,
,,,ENSG00000061676,
,,,ENSG00000006715,
,,,ENSG00000175203,
,,,ENSG00000185825,
,,,ENSG00000070756,
,,,ENSG00000168214,
,,,ENSG00000176273,
,,,ENSG00000100201,
,,,ENSG00000101367,
,,,ENSG00000151240,
,,,ENSG00000149187,
,,,ENSG00000168938,
,,,ENSG00000069275,
,,,ENSG00000137942,
,,,ENSG00000100300,
,,,ENSG00000073803,
,,,ENSG00000163399,
,,,ENSG00000157827,
,,,ENSG00000158411,
,,,ENSG00000147140,
,,,ENSG00000088826,
,,,ENSG00000175868,
,,,ENSG00000188846,
,,,ENSG00000232112,
,,,ENSG00000109814,
,,,ENSG00000165389,
,,,ENSG00000062716,
,,,ENSG00000158769,
,,,ENSG00000113657,
,,,ENSG00000149231,
,,,ENSG00000080493,
,,,ENSG00000126247,
,,,ENSG00000166913,
,,,ENSG00000161542,
,,,ENSG00000016864,
,,,ENSG00000152601,
,,,ENSG00000119711,
,,,ENSG00000151239,
,,,ENSG00000119707,
,,,ENSG00000058063,
,,,ENSG00000188643,
,,,ENSG00000214944,
,,,ENSG00000113161,
,,,ENSG00000126777,
,,,ENSG00000112701,
,,,ENSG00000215301,
,,,ENSG00000140836,
,,,ENSG00000196591,
,,,ENSG00000109079,
,,,ENSG00000156006,
,,,ENSG00000100567,
,,,ENSG00000143761,
,,,ENSG00000046604,
,,,ENSG00000165322,
,,,ENSG00000115183,
,,,ENSG00000104687,
,,,ENSG00000204120,
,,,ENSG00000109321,
,,,ENSG00000110066,
,,,ENSG00000111897,
,,,ENSG00000139793,
,,,ENSG00000108848,
,,,ENSG00000116668,
,,,ENSG00000116106,
,,,ENSG00000166387,
,,,ENSG00000107223,
,,,ENSG00000187555,
,,,ENSG00000137364,
,,,ENSG00000185787,
,,,ENSG00000143401,
,,,ENSG00000134375,
,,,ENSG00000100664,
,,,ENSG00000125977,
,,,ENSG00000008283,
,,,ENSG00000198218,
,,,ENSG00000071462,
,,,ENSG00000162735,
,,,ENSG00000079257,
,,,ENSG00000143549,
,,,ENSG00000184009,
,,,ENSG00000250722,
