accession,title,organism,platform,n_samples,n_untreated,n_treated,paired_design_likely,release,pubmed_url,geo_url,relevance
GSE256188,Super-enhancers reorganization controls re-sensitization of oxaliplatin-resistant FBXW7-mutated colorectal cancer,Homo sapiens,24676,36,36,36,TRUE,2026/02/22,https://pubmed.ncbi.nlm.nih.gov/41174352/,https://www.ncbi.nlm.nih.gov/geo/query/acc.cgi?acc=GSE256188,7
GSE256187,Super-enhancers reorganization controls re-sensitization of oxaliplatin-resistant FBXW7-mutated colorectal cancer [ChIP-seq],Homo sapiens,11154,20,20,20,TRUE,2026/02/22,https://pubmed.ncbi.nlm.nih.gov/41174352/,https://www.ncbi.nlm.nih.gov/geo/query/acc.cgi?acc=GSE256187,7
GSE270840,Super-enhancers reorganization controls re-sensitization of oxaliplatin-resistant FBXW7-mutated colorectal cancer,Homo sapiens,11154,10,10,10,TRUE,2026/04/08,https://pubmed.ncbi.nlm.nih.gov/41174352/,https://www.ncbi.nlm.nih.gov/geo/query/acc.cgi?acc=GSE270840,7
GSE160089,Pharmacological target dysfunction cell  cycle pathways induce vulnerabilities of chemotherapy in colorectal cancer,Homo sapiens,16791,8,2,8,TRUE,2023/10/24,NA,https://www.ncbi.nlm.nih.gov/geo/query/acc.cgi?acc=GSE160089,7
GSE315569,Aptamer-modified 5-fluorouracil encapsulated metal-organic framework nanodrugs for enhanced therapy of colorectal cancer via peroxidative induced cell death,Homo sapiens,16791,8,0,4,FALSE,2026/01/06,NA,https://www.ncbi.nlm.nih.gov/geo/query/acc.cgi?acc=GSE315569,7
GSE184125,"9-ING-41, a small molecule inhibitor of GSK-3β, potentiates the effects of chemotherapy in KRAS mutated colorectal cancer",Homo sapiens,21697,6,3,6,TRUE,2021/10/31,https://pubmed.ncbi.nlm.nih.gov/34955846/,https://www.ncbi.nlm.nih.gov/geo/query/acc.cgi?acc=GSE184125,6
GSE190609,Peritoneal Metastases from Colorectal Cancer belong to Consensus Molecular Subtype 4 and are sensitized to oxaliplatin by inhibiting reducing capacity,Homo sapiens,18573,113,0,0,FALSE,2022/06/15,https://pubmed.ncbi.nlm.nih.gov/35194192/,https://www.ncbi.nlm.nih.gov/geo/query/acc.cgi?acc=GSE190609,5
GSE282048,Enrichment of ornithine decarboxylase degron transduced colorectal cancer cells for extended application of cancer stem cell models [colorectal cancer],Homo sapiens,16791;24676,32,0,0,FALSE,2025/07/09,https://pubmed.ncbi.nlm.nih.gov/40595888/,https://www.ncbi.nlm.nih.gov/geo/query/acc.cgi?acc=GSE282048,5
GSE312098,Overcoming ADC resistance in advanced colorectal cancer by dual targeting of TROP2 and PERK to suppress Wnt/β-catenin signaling [TROP2+GSK RNA-Seq],Homo sapiens,24676,12,3,12,TRUE,2025/12/18,NA,https://www.ncbi.nlm.nih.gov/geo/query/acc.cgi?acc=GSE312098,5
GSE294639,PHGDH Drives 5-FU Chemoresistance in Colorectal Cancer through the Hedgehog signaling,Homo sapiens,24676,12,0,0,FALSE,2025/07/11,https://pubmed.ncbi.nlm.nih.gov/40640948/,https://www.ncbi.nlm.nih.gov/geo/query/acc.cgi?acc=GSE294639,5
GSE311016,Overcoming ADC resistance in advanced colorectal cancer by dual targeting of TROP2 and PERK to suppress Wnt/β-catenin signaling,Homo sapiens,24676,10,5,0,FALSE,2025/12/18,NA,https://www.ncbi.nlm.nih.gov/geo/query/acc.cgi?acc=GSE311016,5
GSE276573,Enrichment of ornithine decarboxylase degron transduced colorectal cancer cells for extended application of cancer stem cell models,Homo sapiens,21290,6,0,0,FALSE,2025/07/03,https://pubmed.ncbi.nlm.nih.gov/40595888/,https://www.ncbi.nlm.nih.gov/geo/query/acc.cgi?acc=GSE276573,5
GSE204805,RNAseq analysis on metastatic Colorectal Cancer,Homo sapiens,18573,1225,0,0,FALSE,2023/03/01,https://pubmed.ncbi.nlm.nih.gov/39209908/,https://www.ncbi.nlm.nih.gov/geo/query/acc.cgi?acc=GSE204805,4
GSE190826,Inflammatory fibroblasts mediate resistance to neoadjuvant therapy in rectal cancer,Homo sapiens,20301,117,0,117,FALSE,2022/01/12,NA,https://www.ncbi.nlm.nih.gov/geo/query/acc.cgi?acc=GSE190826,4
GSE305337,Patient-Specific Pharmacogenomics demonstrates xCT as Predictive Therapeutic Target in Colon Cancer with Possible Implications in Tumor Connectivity,Homo sapiens,18460,73,0,0,FALSE,2025/09/21,https://pubmed.ncbi.nlm.nih.gov/40988536/,https://www.ncbi.nlm.nih.gov/geo/query/acc.cgi?acc=GSE305337,4
GSE292601,Epithelial interferon-stimulated gene programs modulate chemotherapy sensitivity in colorectal cancer via EPSTI1,Homo sapiens,24676,62,0,62,FALSE,2026/06/30,NA,https://www.ncbi.nlm.nih.gov/geo/query/acc.cgi?acc=GSE292601,4
GSE294953,Combined MEK and PARP inhibition enhances radiation response in rectal cancer,Homo sapiens,570,28,28,28,TRUE,2025/04/23,https://pubmed.ncbi.nlm.nih.gov/40782795/,https://www.ncbi.nlm.nih.gov/geo/query/acc.cgi?acc=GSE294953,4
GSE147971,Medium-throughput drug screening of patient-derived organoids from colorectal peritoneal metastases can be used to guide therapy,Homo sapiens,18573,17,0,0,FALSE,2020/05/31,https://pubmed.ncbi.nlm.nih.gov/32376656/,https://www.ncbi.nlm.nih.gov/geo/query/acc.cgi?acc=GSE147971,4
GSE244082,several colorectal cancer patient derived tumor organoid RNAseq data,Homo sapiens,24676,14,0,0,FALSE,2023/09/25,NA,https://www.ncbi.nlm.nih.gov/geo/query/acc.cgi?acc=GSE244082,4
GSE155354,p53 wild-type colorectal cancer cells that express a fetal gene signature are associated with metastasis and poor prognosis,Homo sapiens,11154,14,6,14,TRUE,2022/04/08,https://pubmed.ncbi.nlm.nih.gov/35606354/,https://www.ncbi.nlm.nih.gov/geo/query/acc.cgi?acc=GSE155354,4
