Dataset,Category,Subgroup,Score,Endpoint,N,N_events,Is_Testable,Effect_r,Wilcoxon_FDR_P,HR_perSD,HR_lower,HR_upper,Cox_FDR_P,C_index,KM_logrank_FDR_P
GSE39582,CMS,CMS1,Up_ssGSEA,OS,83,17,TRUE,-0.4,0.089,1.77,1.12,2.8,0.134,0.67,0.094
TCGA-COAD,CMS,CMS1,Up_ssGSEA,OS,81,14,TRUE,-0.34,0.387,1.67,1.05,2.65,0.272,0.65,0.654
GSE39582,CMS,CMS1,Up_ssGSEA,RFS,83,15,TRUE,-0.43,0.085,1.83,1.14,2.95,0.111,0.69,0.07
TCGA-COAD,CMS,CMS1,Up_ssGSEA,RFS,81,20,TRUE,-0.75,0.003,1.81,1.21,2.69,0.034,0.72,0.243
GSE39582,CMS,CMS1,Down_ssGSEA,OS,83,17,TRUE,0.08,0.812,0.91,0.57,1.45,0.765,0.53,0.476
TCGA-COAD,CMS,CMS1,Down_ssGSEA,OS,81,14,TRUE,-0.13,0.675,1.3,0.75,2.27,0.638,0.57,0.819
GSE39582,CMS,CMS1,Down_ssGSEA,RFS,83,15,TRUE,0.08,0.739,0.89,0.54,1.46,0.715,0.53,0.654
TCGA-COAD,CMS,CMS1,Down_ssGSEA,RFS,81,20,TRUE,-0.01,0.985,0.99,0.62,1.58,0.977,0.48,0.68
GSE39582,CMS,CMS1,Composite_ssGSEA,OS,83,17,TRUE,-0.37,0.089,1.63,1.01,2.61,0.144,0.65,0.094
TCGA-COAD,CMS,CMS1,Composite_ssGSEA,OS,81,14,TRUE,-0.26,0.387,1.41,0.85,2.34,0.477,0.61,0.654
GSE39582,CMS,CMS1,Composite_ssGSEA,RFS,83,15,TRUE,-0.4,0.085,1.71,1.04,2.81,0.156,0.67,0.07
TCGA-COAD,CMS,CMS1,Composite_ssGSEA,RFS,81,20,TRUE,-0.67,0.006,1.66,1.1,2.49,0.071,0.69,0.034
GSE39582,CMS,CMS2,Up_ssGSEA,OS,177,21,TRUE,0.24,0.316,0.69,0.45,1.05,0.358,0.61,0.263
TCGA-COAD,CMS,CMS2,Up_ssGSEA,OS,145,22,TRUE,-0.16,0.723,1.23,0.81,1.86,0.816,0.58,0.563
GSE39582,CMS,CMS2,Up_ssGSEA,RFS,175,41,TRUE,-0.06,0.897,1.15,0.83,1.59,0.905,0.52,0.94
TCGA-COAD,CMS,CMS2,Up_ssGSEA,RFS,145,33,TRUE,0.03,0.908,0.91,0.64,1.29,0.771,0.5,0.997
GSE39582,CMS,CMS2,Down_ssGSEA,OS,177,21,TRUE,0.09,0.636,0.91,0.58,1.42,0.79,0.55,0.762
TCGA-COAD,CMS,CMS2,Down_ssGSEA,OS,145,22,TRUE,-0.14,0.723,1.2,0.8,1.81,0.816,0.58,0.746
GSE39582,CMS,CMS2,Down_ssGSEA,RFS,175,41,TRUE,-0.06,0.897,1.09,0.8,1.48,0.905,0.52,0.94
TCGA-COAD,CMS,CMS2,Down_ssGSEA,RFS,145,33,TRUE,-0.02,0.908,1.11,0.8,1.55,0.771,0.55,0.989
GSE39582,CMS,CMS2,Composite_ssGSEA,OS,177,21,TRUE,0.18,0.316,0.79,0.51,1.21,0.499,0.58,0.805
TCGA-COAD,CMS,CMS2,Composite_ssGSEA,OS,145,22,TRUE,-0.06,0.811,1.06,0.7,1.6,0.947,0.52,0.908
GSE39582,CMS,CMS2,Composite_ssGSEA,RFS,175,41,TRUE,0.04,0.923,1.06,0.77,1.45,0.925,0.48,0.94
TCGA-COAD,CMS,CMS2,Composite_ssGSEA,RFS,145,33,TRUE,0.02,0.908,0.85,0.6,1.2,0.719,0.54,0.989
GSE39582,CMS,CMS3,Up_ssGSEA,OS,95,22,TRUE,-0.01,0.933,0.91,0.6,1.39,0.942,0.52,0.796
TCGA-COAD,CMS,CMS3,Up_ssGSEA,OS,70,7,TRUE,NA,NA,1.25,0.6,2.62,0.923,0.63,0.795
GSE39582,CMS,CMS3,Up_ssGSEA,RFS,92,22,TRUE,-0.02,0.957,0.88,0.57,1.36,0.639,0.5,0.89
TCGA-COAD,CMS,CMS3,Up_ssGSEA,RFS,70,10,TRUE,-0.24,0.451,1.41,0.76,2.59,0.349,0.64,0.256
GSE39582,CMS,CMS3,Down_ssGSEA,OS,95,22,TRUE,0.06,0.86,0.99,0.66,1.47,0.942,0.5,0.796
TCGA-COAD,CMS,CMS3,Down_ssGSEA,OS,70,7,TRUE,NA,NA,1.58,0.7,3.56,0.923,0.67,0.795
GSE39582,CMS,CMS3,Down_ssGSEA,RFS,92,22,TRUE,-0.11,0.69,1.17,0.78,1.77,0.639,0.54,0.89
TCGA-COAD,CMS,CMS3,Down_ssGSEA,RFS,70,10,TRUE,-0.13,0.719,1.62,0.82,3.21,0.292,0.67,0.999
GSE39582,CMS,CMS3,Composite_ssGSEA,OS,95,22,TRUE,-0.06,0.86,0.95,0.63,1.43,0.942,0.51,0.796
TCGA-COAD,CMS,CMS3,Composite_ssGSEA,OS,70,7,TRUE,NA,NA,0.93,0.43,2.01,0.923,0.51,0.804
GSE39582,CMS,CMS3,Composite_ssGSEA,RFS,92,22,TRUE,0.07,0.827,0.84,0.54,1.3,0.639,0.52,0.89
TCGA-COAD,CMS,CMS3,Composite_ssGSEA,RFS,70,10,TRUE,-0.09,0.719,1.02,0.54,1.92,0.951,0.49,0.999
GSE39582,CMS,CMS4,Up_ssGSEA,OS,160,46,TRUE,-0.25,0.13,1.62,1.2,2.19,0.007,0.61,0.313
TCGA-COAD,CMS,CMS4,Up_ssGSEA,OS,129,26,TRUE,-0.16,0.96,1.27,0.83,1.93,0.863,0.56,0.947
GSE39582,CMS,CMS4,Up_ssGSEA,RFS,160,66,TRUE,-0.16,0.532,1.21,0.94,1.56,0.341,0.55,0.693
TCGA-COAD,CMS,CMS4,Up_ssGSEA,RFS,129,40,TRUE,-0.14,0.779,1.31,0.94,1.84,0.446,0.54,0.923
GSE39582,CMS,CMS4,Down_ssGSEA,OS,160,46,TRUE,0.12,0.345,0.79,0.57,1.09,0.22,0.57,0.313
TCGA-COAD,CMS,CMS4,Down_ssGSEA,OS,129,26,TRUE,0.03,0.96,0.96,0.65,1.42,0.934,0.54,0.947
GSE39582,CMS,CMS4,Down_ssGSEA,RFS,160,66,TRUE,0.08,0.911,0.83,0.64,1.06,0.341,0.57,0.693
TCGA-COAD,CMS,CMS4,Down_ssGSEA,RFS,129,40,TRUE,-0.3,0.779,1.35,0.96,1.91,0.446,0.56,0.978
GSE39582,CMS,CMS4,Composite_ssGSEA,OS,160,46,TRUE,-0.22,0.15,1.65,1.23,2.23,0.007,0.6,0.313
TCGA-COAD,CMS,CMS4,Composite_ssGSEA,OS,129,26,TRUE,-0.14,0.96,1.3,0.89,1.9,0.863,0.57,0.947
GSE39582,CMS,CMS4,Composite_ssGSEA,RFS,160,66,TRUE,-0.15,0.532,1.28,1,1.63,0.341,0.57,0.693
TCGA-COAD,CMS,CMS4,Composite_ssGSEA,RFS,129,40,TRUE,-0,0.992,1.11,0.81,1.52,0.84,0.49,0.978
GSE39582,PDS,Mixed,Up_ssGSEA,OS,121,15,TRUE,-0.17,0.611,1.28,0.79,2.05,0.638,0.56,0.754
TCGA-COAD,PDS,Mixed,Up_ssGSEA,OS,98,13,TRUE,-0.28,0.48,1.39,0.81,2.4,0.702,0.64,0.604
GSE39582,PDS,Mixed,Up_ssGSEA,RFS,120,28,TRUE,-0.14,0.915,1.11,0.78,1.57,0.845,0.54,0.913
TCGA-COAD,PDS,Mixed,Up_ssGSEA,RFS,98,22,TRUE,-0.29,0.277,1.65,1.09,2.49,0.159,0.67,0.295
GSE39582,PDS,Mixed,Down_ssGSEA,OS,121,15,TRUE,0.1,0.707,0.83,0.49,1.42,0.638,0.53,0.79
TCGA-COAD,PDS,Mixed,Down_ssGSEA,OS,98,13,TRUE,-0.08,0.768,1.17,0.66,2.06,0.723,0.54,0.85
GSE39582,PDS,Mixed,Down_ssGSEA,RFS,120,28,TRUE,-0.11,0.915,1.12,0.78,1.62,0.845,0.54,0.913
TCGA-COAD,PDS,Mixed,Down_ssGSEA,RFS,98,22,TRUE,0,1,1.22,0.79,1.88,0.547,0.57,0.697
GSE39582,PDS,Mixed,Composite_ssGSEA,OS,121,15,TRUE,-0.17,0.611,1.32,0.82,2.11,0.638,0.57,0.84
TCGA-COAD,PDS,Mixed,Composite_ssGSEA,OS,98,13,TRUE,-0.16,0.692,1.22,0.72,2.06,0.702,0.58,0.85
GSE39582,PDS,Mixed,Composite_ssGSEA,RFS,120,28,TRUE,-0.07,0.947,1.03,0.72,1.46,0.986,0.52,0.913
TCGA-COAD,PDS,Mixed,Composite_ssGSEA,RFS,98,22,TRUE,-0.3,0.277,1.37,0.92,2.04,0.275,0.59,0.773
GSE39582,PDS,PDS1,Up_ssGSEA,OS,196,31,TRUE,0.07,0.775,0.8,0.56,1.14,0.401,0.54,0.551
TCGA-COAD,PDS,PDS1,Up_ssGSEA,OS,122,22,TRUE,-0.3,0.134,1.76,1.12,2.76,0.066,0.62,0.298
GSE39582,PDS,PDS1,Up_ssGSEA,RFS,193,41,TRUE,-0.01,0.902,0.99,0.72,1.36,0.957,0.49,0.883
TCGA-COAD,PDS,PDS1,Up_ssGSEA,RFS,122,30,TRUE,-0.12,0.871,1.18,0.8,1.72,0.7,0.55,0.782
GSE39582,PDS,PDS1,Down_ssGSEA,OS,196,31,TRUE,0.03,0.82,0.93,0.66,1.33,0.781,0.52,0.575
TCGA-COAD,PDS,PDS1,Down_ssGSEA,OS,122,22,TRUE,-0.35,0.094,1.71,1.11,2.63,0.066,0.67,0.298
GSE39582,PDS,PDS1,Down_ssGSEA,RFS,193,41,TRUE,0.05,0.902,0.95,0.7,1.3,0.957,0.5,0.883
TCGA-COAD,PDS,PDS1,Down_ssGSEA,RFS,122,30,TRUE,-0.13,0.871,1.36,0.94,1.95,0.46,0.59,0.782
GSE39582,PDS,PDS1,Composite_ssGSEA,OS,196,31,TRUE,0.03,0.82,0.88,0.62,1.26,0.736,0.51,0.848
TCGA-COAD,PDS,PDS1,Composite_ssGSEA,OS,122,22,TRUE,-0.06,0.944,1.1,0.71,1.69,0.855,0.51,0.878
GSE39582,PDS,PDS1,Composite_ssGSEA,RFS,193,41,TRUE,-0.02,0.902,1.02,0.75,1.39,0.957,0.5,0.883
TCGA-COAD,PDS,PDS1,Composite_ssGSEA,RFS,122,30,TRUE,-0.02,0.871,0.91,0.63,1.32,0.7,0.51,0.782
GSE39582,PDS,PDS2,Up_ssGSEA,OS,131,41,TRUE,-0.22,0.134,1.59,1.13,2.25,0.036,0.6,0.454
TCGA-COAD,PDS,PDS2,Up_ssGSEA,OS,144,27,TRUE,-0.21,0.309,1.42,1,2.02,0.261,0.62,0.42
GSE39582,PDS,PDS2,Up_ssGSEA,RFS,131,44,TRUE,-0.25,0.126,1.34,0.98,1.83,0.182,0.56,0.286
TCGA-COAD,PDS,PDS2,Up_ssGSEA,RFS,144,39,TRUE,-0.2,0.539,1.21,0.89,1.64,0.984,0.54,0.806
GSE39582,PDS,PDS2,Down_ssGSEA,OS,131,41,TRUE,0.26,0.088,0.66,0.48,0.91,0.037,0.61,0.211
TCGA-COAD,PDS,PDS2,Down_ssGSEA,OS,144,27,TRUE,0,0.971,0.94,0.64,1.4,0.876,0.52,0.923
GSE39582,PDS,PDS2,Down_ssGSEA,RFS,131,44,TRUE,0.16,0.271,0.79,0.59,1.06,0.182,0.58,0.286
TCGA-COAD,PDS,PDS2,Down_ssGSEA,RFS,144,39,TRUE,-0.22,0.539,1.11,0.8,1.55,0.984,0.54,0.806
GSE39582,PDS,PDS2,Composite_ssGSEA,OS,131,41,TRUE,-0.29,0.067,1.79,1.28,2.52,0.007,0.64,0.129
TCGA-COAD,PDS,PDS2,Composite_ssGSEA,OS,144,27,TRUE,-0.21,0.309,1.41,0.99,2.02,0.261,0.61,0.492
GSE39582,PDS,PDS2,Composite_ssGSEA,RFS,131,44,TRUE,-0.27,0.126,1.4,1.04,1.89,0.121,0.58,0.286
TCGA-COAD,PDS,PDS2,Composite_ssGSEA,RFS,144,39,TRUE,-0.09,0.762,1.12,0.82,1.52,0.984,0.51,0.806
GSE39582,PDS,PDS3,Up_ssGSEA,OS,131,30,TRUE,-0.15,0.47,1.34,0.92,1.95,0.275,0.56,0.645
TCGA-COAD,PDS,PDS3,Up_ssGSEA,OS,91,16,TRUE,-0,0.996,1,0.63,1.58,0.999,0.53,0.929
GSE39582,PDS,PDS3,Up_ssGSEA,RFS,130,45,TRUE,-0.19,0.195,1.46,1.08,1.99,0.043,0.61,0.034
TCGA-COAD,PDS,PDS3,Up_ssGSEA,RFS,91,21,TRUE,-0.09,0.639,1.53,0.89,2.64,0.546,0.57,0.505
GSE39582,PDS,PDS3,Down_ssGSEA,OS,131,30,TRUE,-0.21,0.267,1.5,1.03,2.18,0.275,0.6,0.645
TCGA-COAD,PDS,PDS3,Down_ssGSEA,OS,91,16,TRUE,-0.04,0.996,1.16,0.68,2,0.999,0.53,0.929
GSE39582,PDS,PDS3,Down_ssGSEA,RFS,130,45,TRUE,-0.16,0.265,1.24,0.92,1.67,0.282,0.53,0.667
TCGA-COAD,PDS,PDS3,Down_ssGSEA,RFS,91,21,TRUE,0.11,0.639,1.27,0.78,2.07,0.546,0.55,0.505
GSE39582,PDS,PDS3,Composite_ssGSEA,OS,131,30,TRUE,-0.01,0.915,0.93,0.65,1.33,0.971,0.5,0.645
TCGA-COAD,PDS,PDS3,Composite_ssGSEA,OS,91,16,TRUE,0.03,0.996,0.92,0.57,1.49,0.999,0.54,0.929
GSE39582,PDS,PDS3,Composite_ssGSEA,RFS,130,45,TRUE,0,0.998,1.09,0.81,1.46,0.587,0.54,0.396
TCGA-COAD,PDS,PDS3,Composite_ssGSEA,RFS,91,21,TRUE,-0.18,0.573,1.29,0.81,2.06,0.546,0.55,0.445
GSE39582,Stage,Stage I,Up_ssGSEA,OS,NA,NA,FALSE,NA,NA,NA,NA,NA,NA,NA,NA
TCGA-COAD,Stage,Stage I,Up_ssGSEA,OS,NA,NA,FALSE,NA,NA,NA,NA,NA,NA,NA,NA
GSE39582,Stage,Stage I,Up_ssGSEA,RFS,NA,NA,FALSE,NA,NA,NA,NA,NA,NA,NA,NA
TCGA-COAD,Stage,Stage I,Up_ssGSEA,RFS,75,6,TRUE,NA,NA,2.11,0.85,5.27,0.329,0.68,0.635
GSE39582,Stage,Stage I,Down_ssGSEA,OS,NA,NA,FALSE,NA,NA,NA,NA,NA,NA,NA,NA
TCGA-COAD,Stage,Stage I,Down_ssGSEA,OS,NA,NA,FALSE,NA,NA,NA,NA,NA,NA,NA,NA
GSE39582,Stage,Stage I,Down_ssGSEA,RFS,NA,NA,FALSE,NA,NA,NA,NA,NA,NA,NA,NA
TCGA-COAD,Stage,Stage I,Down_ssGSEA,RFS,75,6,TRUE,NA,NA,0.78,0.35,1.74,0.699,0.63,0.901
GSE39582,Stage,Stage I,Composite_ssGSEA,OS,NA,NA,FALSE,NA,NA,NA,NA,NA,NA,NA,NA
TCGA-COAD,Stage,Stage I,Composite_ssGSEA,OS,NA,NA,FALSE,NA,NA,NA,NA,NA,NA,NA,NA
GSE39582,Stage,Stage I,Composite_ssGSEA,RFS,NA,NA,FALSE,NA,NA,NA,NA,NA,NA,NA,NA
TCGA-COAD,Stage,Stage I,Composite_ssGSEA,RFS,75,6,TRUE,NA,NA,3.34,1.07,10.46,0.329,0.77,0.524
GSE39582,Stage,Stage II,Up_ssGSEA,OS,269,40,TRUE,-0.06,0.779,1.15,0.84,1.59,0.692,0.52,0.842
TCGA-COAD,Stage,Stage II,Up_ssGSEA,OS,176,14,TRUE,-0.35,0.124,1.78,1.09,2.93,0.171,0.68,0.382
GSE39582,Stage,Stage II,Up_ssGSEA,RFS,267,48,TRUE,-0.1,0.55,1.2,0.89,1.61,0.464,0.53,0.772
TCGA-COAD,Stage,Stage II,Up_ssGSEA,RFS,176,29,TRUE,-0.34,0.059,1.53,1.08,2.17,0.145,0.65,0.107
GSE39582,Stage,Stage II,Down_ssGSEA,OS,269,40,TRUE,-0.01,0.982,1.07,0.78,1.48,0.742,0.51,0.842
TCGA-COAD,Stage,Stage II,Down_ssGSEA,OS,176,14,TRUE,-0.33,0.124,1.84,1.03,3.27,0.171,0.66,0.333
GSE39582,Stage,Stage II,Down_ssGSEA,RFS,267,48,TRUE,-0.05,0.763,1.14,0.86,1.53,0.54,0.53,0.772
TCGA-COAD,Stage,Stage II,Down_ssGSEA,RFS,176,29,TRUE,-0.16,0.262,1.41,0.96,2.06,0.243,0.61,0.107
GSE39582,Stage,Stage II,Composite_ssGSEA,OS,269,40,TRUE,-0,0.982,1.08,0.78,1.5,0.742,0.49,0.842
TCGA-COAD,Stage,Stage II,Composite_ssGSEA,OS,176,14,TRUE,-0.18,0.348,1.31,0.79,2.18,0.372,0.58,0.618
GSE39582,Stage,Stage II,Composite_ssGSEA,RFS,267,48,TRUE,-0.03,0.782,1.07,0.79,1.45,0.75,0.5,0.772
TCGA-COAD,Stage,Stage II,Composite_ssGSEA,RFS,176,29,TRUE,-0.29,0.088,1.28,0.9,1.81,0.287,0.59,0.307
GSE39582,Stage,Stage III,Up_ssGSEA,OS,209,40,TRUE,-0.36,0.003,1.84,1.36,2.51,0.001,0.66,0.009
TCGA-COAD,Stage,Stage III,Up_ssGSEA,OS,128,28,TRUE,-0.25,0.39,1.41,0.92,2.15,0.733,0.6,0.491
GSE39582,Stage,Stage III,Up_ssGSEA,RFS,206,72,TRUE,-0.23,0.089,1.37,1.08,1.74,0.084,0.59,0.045
TCGA-COAD,Stage,Stage III,Up_ssGSEA,RFS,128,34,TRUE,0,0.993,0.99,0.72,1.36,0.961,0.49,0.781
GSE39582,Stage,Stage III,Down_ssGSEA,OS,209,40,TRUE,0.06,0.572,0.95,0.7,1.28,0.724,0.52,0.455
TCGA-COAD,Stage,Stage III,Down_ssGSEA,OS,128,28,TRUE,-0.06,0.865,1.1,0.76,1.61,0.782,0.53,0.7
GSE39582,Stage,Stage III,Down_ssGSEA,RFS,206,72,TRUE,-0.11,0.362,1.12,0.9,1.4,0.485,0.53,0.488
TCGA-COAD,Stage,Stage III,Down_ssGSEA,RFS,128,34,TRUE,-0,0.993,1.13,0.8,1.6,0.775,0.52,0.781
GSE39582,Stage,Stage III,Composite_ssGSEA,OS,209,40,TRUE,-0.31,0.01,1.63,1.2,2.22,0.008,0.64,0.009
TCGA-COAD,Stage,Stage III,Composite_ssGSEA,OS,128,28,TRUE,-0.18,0.518,1.27,0.87,1.84,0.733,0.57,0.7
GSE39582,Stage,Stage III,Composite_ssGSEA,RFS,206,72,TRUE,-0.13,0.339,1.19,0.94,1.49,0.433,0.56,0.315
TCGA-COAD,Stage,Stage III,Composite_ssGSEA,RFS,128,34,TRUE,0.06,0.993,0.91,0.65,1.28,0.775,0.53,0.781
GSE39582,Stage,Stage IV,Up_ssGSEA,OS,60,34,TRUE,-0.17,0.879,1.36,0.97,1.91,0.326,0.59,0.481
TCGA-COAD,Stage,Stage IV,Up_ssGSEA,OS,65,28,TRUE,0.12,0.584,0.93,0.63,1.37,0.783,0.52,0.719
GSE39582,Stage,Stage IV,Up_ssGSEA,RFS,60,37,TRUE,NA,NA,1.14,0.83,1.56,0.909,0.51,0.461
TCGA-COAD,Stage,Stage IV,Up_ssGSEA,RFS,65,40,TRUE,NA,NA,1.1,0.8,1.53,0.729,0.51,0.775
GSE39582,Stage,Stage IV,Down_ssGSEA,OS,60,34,TRUE,0.16,0.879,0.77,0.54,1.11,0.501,0.61,0.57
TCGA-COAD,Stage,Stage IV,Down_ssGSEA,OS,65,28,TRUE,0.02,0.879,1.05,0.72,1.54,0.799,0.53,0.719
GSE39582,Stage,Stage IV,Down_ssGSEA,RFS,60,37,TRUE,NA,NA,0.78,0.57,1.05,0.645,0.62,0.671
TCGA-COAD,Stage,Stage IV,Down_ssGSEA,RFS,65,40,TRUE,NA,NA,1.07,0.79,1.45,0.729,0.57,0.775
GSE39582,Stage,Stage IV,Composite_ssGSEA,OS,60,34,TRUE,-0.21,0.879,1.4,1.01,1.96,0.326,0.62,0.481
TCGA-COAD,Stage,Stage IV,Composite_ssGSEA,OS,65,28,TRUE,0.11,0.584,0.91,0.61,1.35,0.783,0.54,0.895
GSE39582,Stage,Stage IV,Composite_ssGSEA,RFS,60,37,TRUE,NA,NA,1.27,0.92,1.75,0.645,0.55,0.432
TCGA-COAD,Stage,Stage IV,Composite_ssGSEA,RFS,65,40,TRUE,NA,NA,1.04,0.74,1.46,0.808,0.47,0.775
GSE39582,MSI,All MSI,Up_ssGSEA,OS,74,14,TRUE,-0.36,0.228,2.08,1.26,3.41,0.026,0.66,0.376
TCGA-COAD,MSI,All MSI,Up_ssGSEA,OS,77,15,TRUE,-0.11,0.822,1.24,0.76,2.02,0.989,0.57,0.874
GSE39582,MSI,All MSI,Up_ssGSEA,RFS,74,10,TRUE,-0.39,0.168,2.56,1.4,4.67,0.016,0.68,0.314
TCGA-COAD,MSI,All MSI,Up_ssGSEA,RFS,77,22,TRUE,-0.04,0.864,1.35,0.89,2.04,0.497,0.59,0.894
GSE39582,MSI,All MSI,Down_ssGSEA,OS,74,14,TRUE,0.07,0.777,0.75,0.43,1.31,0.482,0.52,0.704
TCGA-COAD,MSI,All MSI,Down_ssGSEA,OS,77,15,TRUE,-0.12,0.822,1.27,0.75,2.16,0.989,0.56,0.874
GSE39582,MSI,All MSI,Down_ssGSEA,RFS,74,10,TRUE,0.07,0.74,0.69,0.36,1.33,0.308,0.54,0.984
TCGA-COAD,MSI,All MSI,Down_ssGSEA,RFS,77,22,TRUE,0.13,0.712,0.96,0.64,1.46,0.855,0.51,0.788
GSE39582,MSI,All MSI,Composite_ssGSEA,OS,74,14,TRUE,-0.33,0.228,1.96,1.22,3.17,0.026,0.64,0.434
TCGA-COAD,MSI,All MSI,Composite_ssGSEA,OS,77,15,TRUE,-0.11,0.822,1.09,0.66,1.82,0.989,0.55,0.874
GSE39582,MSI,All MSI,Composite_ssGSEA,RFS,74,10,TRUE,-0.35,0.168,2.39,1.33,4.29,0.016,0.66,0.61
TCGA-COAD,MSI,All MSI,Composite_ssGSEA,RFS,77,22,TRUE,-0.21,0.524,1.46,0.95,2.24,0.497,0.63,0.729
GSE39582,MSI,All MSS,Up_ssGSEA,OS,459,97,TRUE,-0.16,0.095,1.31,1.06,1.61,0.05,0.57,0.175
TCGA-COAD,MSI,All MSS,Up_ssGSEA,OS,122,20,TRUE,-0.18,0.838,1.4,0.85,2.31,0.711,0.59,0.691
GSE39582,MSI,All MSS,Up_ssGSEA,RFS,454,141,TRUE,-0.18,0.016,1.28,1.08,1.51,0.021,0.57,0.078
TCGA-COAD,MSI,All MSS,Up_ssGSEA,RFS,122,27,TRUE,-0.33,0.27,1.55,1,2.43,0.234,0.6,0.45
GSE39582,MSI,All MSS,Down_ssGSEA,OS,459,97,TRUE,0.08,0.302,0.93,0.76,1.14,0.499,0.53,0.344
TCGA-COAD,MSI,All MSS,Down_ssGSEA,OS,122,20,TRUE,-0.08,0.838,1.21,0.75,1.94,0.711,0.55,0.982
GSE39582,MSI,All MSS,Down_ssGSEA,RFS,454,141,TRUE,-0.03,0.631,1.04,0.88,1.23,0.713,0.5,0.598
TCGA-COAD,MSI,All MSS,Down_ssGSEA,RFS,122,27,TRUE,-0.09,0.693,1.52,1,2.32,0.234,0.61,0.45
GSE39582,MSI,All MSS,Composite_ssGSEA,OS,459,97,TRUE,-0.15,0.095,1.27,1.04,1.55,0.054,0.57,0.175
TCGA-COAD,MSI,All MSS,Composite_ssGSEA,OS,122,20,TRUE,-0.12,0.838,1.26,0.78,2.04,0.711,0.55,0.863
GSE39582,MSI,All MSS,Composite_ssGSEA,RFS,454,141,TRUE,-0.12,0.079,1.18,1,1.4,0.086,0.56,0.064
TCGA-COAD,MSI,All MSS,Composite_ssGSEA,RFS,122,27,TRUE,-0.29,0.27,1.18,0.79,1.78,0.548,0.52,0.747
