"Dataset","Metric","Score","Model","HR","HR_lower","HR_upper","Raw_P","C_index","LRT_score_P","PH_P","Unadj_HR","Delta_logHR","Delta_logHR_pct","N","N_events","Is_Testable","FDR_P","Is_Significant"
"GSE39582","OS","Up_ssGSEA","Clinicopath",143019.147071356,52.6288735411723,388655030.07615,0.00325775505612687,0.62715171932131,0.003615084879823,0.543325362798901,789598.826225521,-1.70854648467443,-12.5820106027322,533,111,TRUE,0.00876566657713787,TRUE
"GSE39582","OS","Up_ssGSEA","CMS_adjusted",48687.2914603815,4.94508483464703,479355244.452007,0.0214098091886775,0.621355992368106,0.0219516159893863,0.562921479695815,9084577.68839051,-5.22891545486316,-32.6356664760846,515,106,TRUE,0.0329274239840795,TRUE
"GSE39582","OS","Up_ssGSEA","PDS_adjusted",36479.2230445335,1.52477154481199,872743014.165383,0.0411548814769407,0.60137973961305,0.0406914721179204,0.523814889549203,3412368.67248013,-4.53841908763979,-30.1698069410298,458,102,TRUE,0.122074416353761,FALSE
"GSE39582","OS","Down_ssGSEA","Clinicopath",0.00203733666896412,8.63275621703654e-09,480.812917491453,0.326288850468174,0.60868493488353,0.325786089011184,0.911018544020968,0.00184848546055342,0.0972767666222643,1.54569774897238,533,111,TRUE,0.325786089011184,FALSE
"GSE39582","OS","Down_ssGSEA","CMS_adjusted",0.000189566754881778,7.41794260176627e-10,48.4440989713933,0.17729163090442,0.613990327017793,0.174419780518064,0.243540800295248,0.000195084530063154,-0.0286917211426179,-0.335886917288717,515,106,TRUE,0.174419780518064,FALSE
"GSE39582","OS","Down_ssGSEA","PDS_adjusted",0.113277575227886,3.62462579876161e-07,35401.7483788078,0.735833075192801,0.596218683541677,0.735781751709596,0.454482147239387,0.0752727938580731,0.408722458420829,15.8013101723819,458,102,TRUE,0.735781751709596,FALSE
"GSE39582","OS","Composite_ssGSEA","Clinicopath",6166.85233035458,13.1880405524801,2883678.39885416,0.0053976876971901,0.628445832135081,0.00584377771809191,0.641522680216303,17712.6942634622,-1.05509302196002,-10.7860258346397,533,111,TRUE,0.00876566657713787,TRUE
"GSE39582","OS","Composite_ssGSEA","CMS_adjusted",4104.46895973672,5.02067147444506,3355460.62457798,0.0150347164278345,0.621489106802148,0.0154708591268232,0.295952122999688,136000.0120269,-3.50057860388717,-29.6146963507796,515,106,TRUE,0.0329274239840795,TRUE
"GSE39582","OS","Composite_ssGSEA","PDS_adjusted",444.249691781344,0.33243577457248,593671.932275117,0.0968998023137818,0.598345349862545,0.0967752030960268,0.360645353042914,20649.2759596986,-3.83904876205114,-38.6399644828356,458,102,TRUE,0.14516280464404,FALSE
"GSE39582","RFS","Up_ssGSEA","Clinicopath",17387.7536250793,22.7543343669992,13286874.1071563,0.00394550489121255,0.672591414944356,0.00442054028302697,0.193452229080629,122033.841350725,-1.94853225061292,-16.6369819073077,528,151,TRUE,0.0132616208490809,TRUE
"GSE39582","RFS","Up_ssGSEA","CMS_adjusted",5762.24987493256,2.15467253753025,15410009.1976014,0.0315062759943632,0.613177379914157,0.0327926002246505,0.110386761922242,190623.641523669,-3.49897301917397,-28.7790493222754,510,144,TRUE,0.0769329197861954,FALSE
"GSE39582","RFS","Up_ssGSEA","PDS_adjusted",74639.9572965571,11.0042908063098,506268266.014691,0.012674848165877,0.591359021198862,0.0129901628158961,0.0617246772203622,560658.702314362,-2.01643636220361,-15.2334858913596,454,130,TRUE,0.0389704884476883,TRUE
"GSE39582","RFS","Down_ssGSEA","Clinicopath",0.950987461390385,3.22229224822628e-05,28066.267180438,0.992364605935327,0.651732909379968,0.992364630513467,0.081229857162291,6.09023981844157,-1.85694186118243,-102.78157690769,528,151,TRUE,0.992364630513467,FALSE
"GSE39582","RFS","Down_ssGSEA","CMS_adjusted",0.0276818842408479,7.6781974324423e-07,998.003401014345,0.50284477279141,0.600335163049984,0.501829316030024,0.0684933986916049,0.286458505074196,-2.33681549100076,-186.921076027891,510,144,TRUE,0.501829316030024,FALSE
"GSE39582","RFS","Down_ssGSEA","PDS_adjusted",0.581770668084738,9.86239840980196e-06,34317.9312151271,0.923007160095505,0.572666638344874,0.923012963197374,0.0709489321938923,2.62458441855453,-1.50660151676584,-156.13703820925,454,130,TRUE,0.923012963197374,FALSE
"GSE39582","RFS","Composite_ssGSEA","Clinicopath",379.682660056287,2.1078220373529,68392.3594083205,0.0250030604105119,0.668537360890302,0.0263993340454531,0.969526983059918,821.328186953536,-0.771586971370312,-11.4974795241308,528,151,TRUE,0.0395990010681797,TRUE
"GSE39582","RFS","Composite_ssGSEA","CMS_adjusted",333.012787899917,1.0180901491643,108927.011027368,0.049294838236534,0.604678602575283,0.0512886131907969,0.758629172522756,2173.12403039481,-1.87574016523694,-24.4112368076741,510,144,TRUE,0.0769329197861954,FALSE
"GSE39582","RFS","Composite_ssGSEA","PDS_adjusted",354.689440235204,0.670370378579599,187664.316673599,0.0665096671937347,0.586218615914015,0.0677011806525243,0.677766495330921,2873.38938766645,-2.09200499290643,-26.2707516127223,454,130,TRUE,0.101551770978786,FALSE
"GSE39582 (treated)","OS","Up_ssGSEA","Clinicopath",195587956.928551,969.209623826335,39469943297157.7,0.00218888825038426,0.634345794392523,0.00305555189018463,0.104584158383692,260573136.755444,-0.286873391277954,-1.48037752395099,225,46,TRUE,0.00916665567055388,TRUE
"GSE39582 (treated)","OS","Up_ssGSEA","CMS_adjusted",5307830.84556021,3.60379416130186,7817613055597.78,0.0326079677331456,0.661226920786182,0.0348016181405049,0.0960221477668192,382368966.079065,-4.27720277410045,-21.6436856490105,218,47,TRUE,0.0665407614752654,FALSE
"GSE39582 (treated)","OS","Up_ssGSEA","PDS_adjusted",5630.27994017938,0.000448945111750777,70610084340.0741,0.300397591399984,0.645390070921986,0.302842629482717,0.16478128098625,155727159.969844,-10.2277016165775,-54.2191994597456,184,43,TRUE,0.72155553115739,FALSE
"GSE39582 (treated)","OS","Down_ssGSEA","Clinicopath",0.000332119820963128,2.091339700531e-12,52743.0218288179,0.405752284014116,0.581658878504673,0.406472127002902,0.728778060568756,0.000486678154547886,-0.38210722067021,-5.00933210476179,225,46,TRUE,0.406472127002902,FALSE
"GSE39582 (treated)","OS","Down_ssGSEA","CMS_adjusted",0.00102609208756296,9.44978984013725e-12,111416.760580998,0.466009652378343,0.615842763549732,0.464397427038253,0.959732994374177,0.000610877227843956,0.51861677310751,7.00775279167162,218,47,TRUE,0.464397427038253,FALSE
"GSE39582 (treated)","OS","Down_ssGSEA","PDS_adjusted",2.19342797836818,3.99953309867395e-09,1202921985.53963,0.939017007231627,0.632130743139069,0.938979334256047,0.832755135143068,0.0142325376766538,5.03769015688567,118.471875079724,184,43,TRUE,0.938979334256047,FALSE
"GSE39582 (treated)","OS","Composite_ssGSEA","Clinicopath",1087010.41185803,59.3483408218736,19909429970.9937,0.00551435642750499,0.626869158878505,0.00614337357968789,0.259550067555053,1381989.65081658,-0.240093050142701,-1.69808656410019,225,46,TRUE,0.00921506036953183,TRUE
"GSE39582 (treated)","OS","Composite_ssGSEA","CMS_adjusted",64267.0247866377,1.40149708701648,2947027513.07089,0.0432175688416732,0.649672424061942,0.044360507650177,0.193123735268078,2482678.53687269,-3.65404664561065,-24.8155125205849,218,47,TRUE,0.0665407614752654,FALSE
"GSE39582 (treated)","OS","Composite_ssGSEA","PDS_adjusted",74.4018514162821,0.000476239682083679,11623633.4401001,0.480015319658504,0.637526981190256,0.481037020771593,0.31612305782971,332584.276526674,-8.40516774404291,-66.1061742889433,184,43,TRUE,0.72155553115739,FALSE
"GSE39582 (treated)","RFS","Up_ssGSEA","Clinicopath",1298141.9120377,96.2361679864065,17510801386.3035,0.00371741667059236,0.61959393161748,0.00467314815021728,0.38889077075375,1637295.80855954,-0.232112040075462,-1.62219046624141,224,75,TRUE,0.0140194444506518,TRUE
"GSE39582 (treated)","RFS","Up_ssGSEA","CMS_adjusted",90370.2570749019,1.09148781742772,7482248755.67578,0.0482550328483975,0.597289675701081,0.0502043679838502,0.165881826586131,412204.971281882,-1.51760553014448,-11.7377456343048,217,75,TRUE,0.150613103951551,FALSE
"GSE39582 (treated)","RFS","Up_ssGSEA","PDS_adjusted",169.038473639267,0.000172912442984199,165251297.576684,0.466007246351837,0.600993377483444,0.466635991037115,0.177630545245545,179862.700231197,-6.96982271863308,-57.6020831388397,183,63,TRUE,0.710376103010339,FALSE
"GSE39582 (treated)","RFS","Down_ssGSEA","Clinicopath",29.0644169243177,1.54270809899716e-05,54756977.7911768,0.647622310175971,0.55083402520945,0.647055967535164,0.639275739517353,127.295180546887,-1.47699400596914,-30.4754229055313,224,75,TRUE,0.647055967535164,FALSE
"GSE39582 (treated)","RFS","Down_ssGSEA","CMS_adjusted",48.2297247728278,3.33442823060174e-05,69760276.4490434,0.592259356888802,0.574886417045277,0.592478398578021,0.931742018059958,162.084961971579,-1.21214512685867,-23.8230421249571,217,75,TRUE,0.592478398578021,FALSE
"GSE39582 (treated)","RFS","Down_ssGSEA","PDS_adjusted",323.984732422511,3.9656468261094e-05,2646884895.34167,0.476550442080226,0.596799116997792,0.473584068673559,0.729135769448594,151.810515119157,0.758063260407136,15.0929450841025,183,63,TRUE,0.710376103010339,FALSE
"GSE39582 (treated)","RFS","Composite_ssGSEA","Clinicopath",1917.00167342743,1.03652372223734,3545404.06271775,0.0489174710851802,0.589553928598385,0.0519111012804581,0.731378812790072,1479.5241192703,0.259041841966846,3.54877322682331,224,75,TRUE,0.0778666519206871,FALSE
"GSE39582 (treated)","RFS","Composite_ssGSEA","CMS_adjusted",144.438123316187,0.0289979758250038,719442.33600999,0.252268104329898,0.56940310198966,0.254748962331224,0.311068771932659,707.191588780672,-1.58845041406154,-24.2093795811844,217,75,TRUE,0.382123443496836,FALSE
"GSE39582 (treated)","RFS","Composite_ssGSEA","PDS_adjusted",1.39813340141844,8.75529354047368e-05,22326.8014844439,0.945890338954986,0.587527593818985,0.945907352407549,0.431419877198962,296.594993466888,-5.35722948750863,-94.1125013560274,183,63,TRUE,0.945907352407549,FALSE
"TCGA-COAD","OS","Up_ssGSEA","Clinicopath",10092.6085586692,0.0412816206341007,2467459996.81954,0.145268742877176,0.694104134762634,0.129514821834753,0.953206295553247,10564.4788396319,-0.045693990842631,-0.493175877829938,198,35,TRUE,0.324969670588149,FALSE
"TCGA-COAD","OS","Up_ssGSEA","CMS_adjusted",134102.654621747,10.5822843759403,1699398857.34752,0.0143089370040381,0.612865714684404,0.0136254364717219,0.858163122110395,425711.760508054,-1.15515691280532,-8.91220405368959,425,69,TRUE,0.0408763094151658,TRUE
"TCGA-COAD","OS","Up_ssGSEA","PDS_adjusted",226365.648606355,9.18373181594101,5579584410.34085,0.0168603420142284,0.581335256294694,0.0152982092838211,0.861432359202498,45891.5960725228,1.59586959784534,14.8673752023467,357,65,TRUE,0.0458946278514634,TRUE
"TCGA-COAD","OS","Down_ssGSEA","Clinicopath",65334.1395236633,0.00106786727033301,3997266238871.01,0.225506758223705,0.686064318529862,0.216646447058766,0.536966546770769,29345.9830984305,0.80035903529024,7.78036320993483,198,35,TRUE,0.324969670588149,FALSE
"TCGA-COAD","OS","Down_ssGSEA","CMS_adjusted",4085.69920027406,0.00379202169772484,4402120896.39032,0.240666063888724,0.57607330573515,0.239386298758114,0.819986759060372,4685.27717148485,-0.136932198886905,-1.62008136534556,425,69,TRUE,0.239386298758114,FALSE
"TCGA-COAD","OS","Down_ssGSEA","PDS_adjusted",83709.5695081661,0.0564787301910976,124069574573.173,0.117924558013472,0.564990084730485,0.115622815325151,0.822175122111002,53874.4805956533,0.440696394540055,4.04515991315651,357,65,TRUE,0.173434222987727,FALSE
"TCGA-COAD","OS","Composite_ssGSEA","Clinicopath",124.927457501309,0.000480779238042334,32461613.1538673,0.447895929165393,0.676493108728943,0.444476150504493,0.745122899115438,443.210303870056,-1.26631115511676,-20.7794869109965,198,35,TRUE,0.444476150504493,FALSE
"TCGA-COAD","OS","Composite_ssGSEA","CMS_adjusted",1248.00294627747,0.217628997960484,7156727.12971845,0.106397412048016,0.589980929345551,0.109422818626014,0.985313329696224,4631.15533261915,-1.31126173810973,-15.5352427103708,425,69,TRUE,0.164134227939021,FALSE
"TCGA-COAD","OS","Composite_ssGSEA","PDS_adjusted",315.750629296183,0.0372211178998562,2678545.55495015,0.212423929658914,0.546121026380626,0.213392895907627,0.968612714258224,468.438651682093,-0.394452392605747,-6.41448047714826,357,65,TRUE,0.213392895907627,FALSE
"TCGA-COAD","RFS","Up_ssGSEA","Clinicopath",249206.130000712,4.21551958122267,14732156744.4645,0.0266490953435937,0.717755317544124,0.0197064839598852,0.968021063383097,185704.938930162,0.294121321039315,2.42436035004169,198,49,TRUE,0.0591194518796555,FALSE
"TCGA-COAD","RFS","Up_ssGSEA","CMS_adjusted",16093.1162959485,6.83684427353606,37881277.0560553,0.0144750903449225,0.607604742018052,0.0132031717806243,0.795923699152201,106000.986359205,-1.88505677804125,-16.2909307488216,425,103,TRUE,0.0396095153418728,TRUE
"TCGA-COAD","RFS","Up_ssGSEA","PDS_adjusted",9198.44063385428,1.7231394523356,49102996.2664117,0.0371394670052636,0.571526980482204,0.0341603218590909,0.893393311494344,6033.23007041866,0.421751439311704,4.84491220336769,357,90,TRUE,0.102480965577273,FALSE
"TCGA-COAD","RFS","Down_ssGSEA","Clinicopath",110827.922273542,0.0330013444837987,372191756051.035,0.129762213185786,0.703424347563735,0.121841014462659,0.911695141877615,24238.6393816522,1.52003072013814,15.056214251173,198,49,TRUE,0.161445443488813,FALSE
"TCGA-COAD","RFS","Down_ssGSEA","CMS_adjusted",54033.1420188334,0.622844546950369,4687494577.45524,0.0603326278812935,0.593324801293278,0.0593345203325059,0.631684277994517,52118.8591991544,0.0360707353417524,0.332103842499782,425,103,TRUE,0.0890017804987589,FALSE
"TCGA-COAD","RFS","Down_ssGSEA","PDS_adjusted",70916.3262832606,0.381378971362265,13186687550.0506,0.0711923642883011,0.561974741676234,0.0694001368493584,0.952191370657996,32706.9609057045,0.773912752024531,7.44480231860372,357,90,TRUE,0.104100205274038,FALSE
"TCGA-COAD","RFS","Composite_ssGSEA","Clinicopath",2199.20825860816,0.0393817586555488,122811096.554442,0.167593042814727,0.697691959571579,0.161445443488813,0.986883262804865,13205.3371511925,-1.79252366436871,-18.8917850327726,198,49,TRUE,0.161445443488813,FALSE
"TCGA-COAD","RFS","Composite_ssGSEA","CMS_adjusted",79.7060905256455,0.0598705627956539,106113.264519765,0.232920644172222,0.582581166644214,0.235385127169076,0.934891801875101,488.276604729907,-1.81253605723143,-29.2775090880155,425,103,TRUE,0.235385127169076,FALSE
"TCGA-COAD","RFS","Composite_ssGSEA","PDS_adjusted",24.4743108622885,0.0108573104423643,55169.4542919871,0.416929222247852,0.534741676234214,0.417471340887973,0.971797190790751,73.4080928028141,-1.09841015449296,-25.568003116599,357,90,TRUE,0.417471340887973,FALSE
